"Site","Bucket","Tree.","Location","Treatment","Week","Leaves.In","Leaves.Out","ramorum.positive"
1,"B1",18025,"EC","Treated",1,"2021-10-19","2021-10-26",0
1,"B2",18025,"EC","Treated",1,"2021-10-19","2021-10-26",0
1,"B3",18025,"EC","Treated",1,"2021-10-19","2021-10-26",0
1,"B1",18025,"EC","Treated",2,"2021-10-26","2021-11-04",0
1,"B2",18025,"EC","Treated",2,"2021-10-26","2021-11-04",0
1,"B3",18025,"EC","Treated",2,"2021-10-26","2021-11-04",0
1,"B1",18025,"EC","Treated",3,"2021-11-04","2021-11-10",0
1,"B2",18025,"EC","Treated",3,"2021-11-04","2021-11-10",0
1,"B3",18025,"EC","Treated",3,"2021-11-04","2021-11-10",0
1,"B1",18025,"EC","Treated",4,"2021-11-10","2021-11-17",0
1,"B2",18025,"EC","Treated",4,"2021-11-10","2021-11-17",0
1,"B3",18025,"EC","Treated",4,"2021-11-10","2021-11-17",0
1,"B1",18025,"EC","Treated",5,"2021-11-17","2021-11-30",0
1,"B2",18025,"EC","Treated",5,"2021-11-17","2021-11-30",0
1,"B3",18025,"EC","Treated",5,"2021-11-17","2021-11-30",0
1,"B1",18025,"EC","Treated",6,"2021-11-30","2021-12-07",0
1,"B2",18025,"EC","Treated",6,"2021-11-30","2021-12-07",0
1,"B3",18025,"EC","Treated",6,"2021-11-30","2021-12-07",0
1,"B1",18025,"EC","Treated",7,"2021-12-07","2021-12-15",0
1,"B2",18025,"EC","Treated",7,"2021-12-07","2021-12-15",0
1,"B3",18025,"EC","Treated",7,"2021-12-07","2021-12-15",0
1,"B1",18025,"EC","Treated",8,"2021-12-15","2021-12-21",0
1,"B2",18025,"EC","Treated",8,"2021-12-15","2021-12-21",0
1,"B3",18025,"EC","Treated",8,"2021-12-15","2021-12-21",0
2,"B1",18024,"EC","Treated",1,"2021-10-19","2021-10-26",0
2,"B2",18024,"EC","Treated",1,"2021-10-19","2021-10-26",0
2,"B3",18024,"EC","Treated",1,"2021-10-19","2021-10-26",3
2,"B1",18024,"EC","Treated",2,"2021-10-26","2021-11-04",0
2,"B2",18024,"EC","Treated",2,"2021-10-26","2021-11-04",0
2,"B3",18024,"EC","Treated",2,"2021-10-26","2021-11-04",1
2,"B1",18024,"EC","Treated",3,"2021-11-04","2021-11-10",0
2,"B2",18024,"EC","Treated",3,"2021-11-04","2021-11-10",0
2,"B3",18024,"EC","Treated",3,"2021-11-04","2021-11-10",3
2,"B1",18024,"EC","Treated",4,"2021-11-10","2021-11-17",0
2,"B2",18024,"EC","Treated",4,"2021-11-10","2021-11-17",0
2,"B3",18024,"EC","Treated",4,"2021-11-10","2021-11-17",2
2,"B1",18024,"EC","Treated",5,"2021-11-17","2021-11-30",0
2,"B2",18024,"EC","Treated",5,"2021-11-17","2021-11-30",0
2,"B3",18024,"EC","Treated",5,"2021-11-17","2021-11-30",0
2,"B1",18024,"EC","Treated",6,"2021-11-30","2021-12-07",0
2,"B2",18024,"EC","Treated",6,"2021-11-30","2021-12-07",0
2,"B3",18024,"EC","Treated",6,"2021-11-30","2021-12-07",0
2,"B1",18024,"EC","Treated",7,"2021-12-07","2021-12-15",0
2,"B2",18024,"EC","Treated",7,"2021-12-07","2021-12-15",0
2,"B3",18024,"EC","Treated",7,"2021-12-07","2021-12-15",1
2,"B1",18024,"EC","Treated",8,"2021-12-15","2021-12-21",0
2,"B2",18024,"EC","Treated",8,"2021-12-15","2021-12-21",0
2,"B3",18024,"EC","Treated",8,"2021-12-15","2021-12-21",2
3,"B1",18023,"EC","Treated",1,"2021-10-19","2021-10-26",0
3,"B2",18023,"EC","Treated",1,"2021-10-19","2021-10-26",0
3,"B3",18023,"EC","Treated",1,"2021-10-19","2021-10-26",0
3,"B1",18023,"EC","Treated",2,"2021-10-26","2021-11-04",0
3,"B2",18023,"EC","Treated",2,"2021-10-26","2021-11-04",1
3,"B3",18023,"EC","Treated",2,"2021-10-26","2021-11-04",0
3,"B1",18023,"EC","Treated",3,"2021-11-04","2021-11-10",1
3,"B2",18023,"EC","Treated",3,"2021-11-04","2021-11-10",1
3,"B3",18023,"EC","Treated",3,"2021-11-04","2021-11-10",1
3,"B1",18023,"EC","Treated",4,"2021-11-10","2021-11-17",0
3,"B2",18023,"EC","Treated",4,"2021-11-10","2021-11-17",0
3,"B3",18023,"EC","Treated",4,"2021-11-10","2021-11-17",0
3,"B1",18023,"EC","Treated",5,"2021-11-17","2021-11-30",0
3,"B2",18023,"EC","Treated",5,"2021-11-17","2021-11-30",0
3,"B3",18023,"EC","Treated",5,"2021-11-17","2021-11-30",0
3,"B1",18023,"EC","Treated",6,"2021-11-30","2021-12-07",0
3,"B2",18023,"EC","Treated",6,"2021-11-30","2021-12-07",0
3,"B3",18023,"EC","Treated",6,"2021-11-30","2021-12-07",0
3,"B1",18023,"EC","Treated",7,"2021-12-07","2021-12-15",2
3,"B2",18023,"EC","Treated",7,"2021-12-07","2021-12-15",0
3,"B3",18023,"EC","Treated",7,"2021-12-07","2021-12-15",0
3,"B1",18023,"EC","Treated",8,"2021-12-15","2021-12-21",1
3,"B2",18023,"EC","Treated",8,"2021-12-15","2021-12-21",2
3,"B3",18023,"EC","Treated",8,"2021-12-15","2021-12-21",3
4,"B1",18020,"EC","Untreated",1,"2021-10-19","2021-10-26",0
4,"B2",18020,"EC","Untreated",1,"2021-10-19","2021-10-26",1
4,"B3",18020,"EC","Untreated",1,"2021-10-19","2021-10-26",3
4,"B1",18020,"EC","Untreated",2,"2021-10-26","2021-11-04",0
4,"B2",18020,"EC","Untreated",2,"2021-10-26","2021-11-04",0
4,"B3",18020,"EC","Untreated",2,"2021-10-26","2021-11-04",3
4,"B1",18020,"EC","Untreated",3,"2021-11-04","2021-11-10",0
4,"B2",18020,"EC","Untreated",3,"2021-11-04","2021-11-10",0
4,"B3",18020,"EC","Untreated",3,"2021-11-04","2021-11-10",3
4,"B1",18020,"EC","Untreated",4,"2021-11-10","2021-11-17",0
4,"B2",18020,"EC","Untreated",4,"2021-11-10","2021-11-17",0
4,"B3",18020,"EC","Untreated",4,"2021-11-10","2021-11-17",0
4,"B1",18020,"EC","Untreated",5,"2021-11-17","2021-11-30",0
4,"B2",18020,"EC","Untreated",5,"2021-11-17","2021-11-30",0
4,"B3",18020,"EC","Untreated",5,"2021-11-17","2021-11-30",0
4,"B1",18020,"EC","Untreated",6,"2021-11-30","2021-12-07",0
4,"B2",18020,"EC","Untreated",6,"2021-11-30","2021-12-07",0
4,"B3",18020,"EC","Untreated",6,"2021-11-30","2021-12-07",0
4,"B1",18020,"EC","Untreated",7,"2021-12-07","2021-12-14",0
4,"B2",18020,"EC","Untreated",7,"2021-12-07","2021-12-14",0
4,"B3",18020,"EC","Untreated",7,"2021-12-07","2021-12-14",0
4,"B1",18020,"EC","Untreated",8,"2021-12-14","2021-12-20",0
4,"B2",18020,"EC","Untreated",8,"2021-12-14","2021-12-20",1
4,"B3",18020,"EC","Untreated",8,"2021-12-14","2021-12-20",0
5,"B1",18136,"EC","Untreated",1,"2021-10-19","2021-10-26",0
5,"B2",18136,"EC","Untreated",1,"2021-10-19","2021-10-26",0
5,"B3",18136,"EC","Untreated",1,"2021-10-19","2021-10-26",0
5,"B1",18136,"EC","Untreated",2,"2021-10-26","2021-11-04",0
5,"B2",18136,"EC","Untreated",2,"2021-10-26","2021-11-04",0
5,"B3",18136,"EC","Untreated",2,"2021-10-26","2021-11-04",0
5,"B1",18136,"EC","Untreated",3,"2021-11-04","2021-11-10",0
5,"B2",18136,"EC","Untreated",3,"2021-11-04","2021-11-10",0
5,"B3",18136,"EC","Untreated",3,"2021-11-04","2021-11-10",0
5,"B1",18136,"EC","Untreated",4,"2021-11-10","2021-11-17",0
5,"B2",18136,"EC","Untreated",4,"2021-11-10","2021-11-17",0
5,"B3",18136,"EC","Untreated",4,"2021-11-10","2021-11-17",0
5,"B1",18136,"EC","Untreated",5,"2021-11-17","2021-11-30",0
5,"B2",18136,"EC","Untreated",5,"2021-11-17","2021-11-30",0
5,"B3",18136,"EC","Untreated",5,"2021-11-17","2021-11-30",0
5,"B1",18136,"EC","Untreated",6,"2021-11-30","2021-12-07",0
5,"B2",18136,"EC","Untreated",6,"2021-11-30","2021-12-07",0
5,"B3",18136,"EC","Untreated",6,"2021-11-30","2021-12-07",0
5,"B1",18136,"EC","Untreated",7,"2021-12-07","2021-12-14",0
5,"B2",18136,"EC","Untreated",7,"2021-12-07","2021-12-14",0
5,"B3",18136,"EC","Untreated",7,"2021-12-07","2021-12-14",0
5,"B1",18136,"EC","Untreated",8,"2021-12-14","2021-12-20",0
5,"B2",18136,"EC","Untreated",8,"2021-12-14","2021-12-20",0
5,"B3",18136,"EC","Untreated",8,"2021-12-14","2021-12-20",0
6,"B1",18200,"EC","Untreated",1,"2021-10-19","2021-10-26",0
6,"B2",18200,"EC","Untreated",1,"2021-10-19","2021-10-26",0
6,"B3",18200,"EC","Untreated",1,"2021-10-19","2021-10-26",0
6,"B1",18200,"EC","Untreated",2,"2021-10-26","2021-11-04",0
6,"B2",18200,"EC","Untreated",2,"2021-10-26","2021-11-04",0
6,"B3",18200,"EC","Untreated",2,"2021-10-26","2021-11-04",0
6,"B1",18200,"EC","Untreated",3,"2021-11-04","2021-11-10",0
6,"B2",18200,"EC","Untreated",3,"2021-11-04","2021-11-10",0
6,"B3",18200,"EC","Untreated",3,"2021-11-04","2021-11-10",0
6,"B1",18200,"EC","Untreated",4,"2021-11-10","2021-11-17",0
6,"B2",18200,"EC","Untreated",4,"2021-11-10","2021-11-17",0
6,"B3",18200,"EC","Untreated",4,"2021-11-10","2021-11-17",0
6,"B1",18200,"EC","Untreated",5,"2021-11-17","2021-11-30",0
6,"B2",18200,"EC","Untreated",5,"2021-11-17","2021-11-30",0
6,"B3",18200,"EC","Untreated",5,"2021-11-17","2021-11-30",0
6,"B1",18200,"EC","Untreated",6,"2021-11-30","2021-12-07",0
6,"B2",18200,"EC","Untreated",6,"2021-11-30","2021-12-07",0
6,"B3",18200,"EC","Untreated",6,"2021-11-30","2021-12-07",0
6,"B1",18200,"EC","Untreated",7,"2021-12-07","2021-12-14",0
6,"B2",18200,"EC","Untreated",7,"2021-12-07","2021-12-14",0
6,"B3",18200,"EC","Untreated",7,"2021-12-07","2021-12-14",0
6,"B1",18200,"EC","Untreated",8,"2021-12-14","2021-12-20",0
6,"B2",18200,"EC","Untreated",8,"2021-12-14","2021-12-20",0
6,"B3",18200,"EC","Untreated",8,"2021-12-14","2021-12-20",0
7,"B1",18010,"EC","Treated",1,"2021-10-19","2021-10-26",0
7,"B2",18010,"EC","Treated",1,"2021-10-19","2021-10-26",0
7,"B3",18010,"EC","Treated",1,"2021-10-19","2021-10-26",0
7,"B1",18010,"EC","Treated",2,"2021-10-26","2021-11-04",0
7,"B2",18010,"EC","Treated",2,"2021-10-26","2021-11-04",0
7,"B3",18010,"EC","Treated",2,"2021-10-26","2021-11-04",0
7,"B1",18010,"EC","Treated",3,"2021-11-04","2021-11-10",0
7,"B2",18010,"EC","Treated",3,"2021-11-04","2021-11-10",0
7,"B3",18010,"EC","Treated",3,"2021-11-04","2021-11-10",0
7,"B1",18010,"EC","Treated",4,"2021-11-10","2021-11-17",0
7,"B2",18010,"EC","Treated",4,"2021-11-10","2021-11-17",0
7,"B3",18010,"EC","Treated",4,"2021-11-10","2021-11-17",0
7,"B1",18010,"EC","Treated",5,"2021-11-17","2021-11-30",0
7,"B2",18010,"EC","Treated",5,"2021-11-17","2021-11-30",0
7,"B3",18010,"EC","Treated",5,"2021-11-17","2021-11-30",0
7,"B1",18010,"EC","Treated",6,"2021-11-30","2021-12-07",0
7,"B2",18010,"EC","Treated",6,"2021-11-30","2021-12-07",0
7,"B3",18010,"EC","Treated",6,"2021-11-30","2021-12-07",0
7,"B1",18010,"EC","Treated",7,"2021-12-07","2021-12-14",0
7,"B2",18010,"EC","Treated",7,"2021-12-07","2021-12-14",0
7,"B3",18010,"EC","Treated",7,"2021-12-07","2021-12-14",0
7,"B1",18010,"EC","Treated",8,"2021-12-14","2021-12-20",0
7,"B2",18010,"EC","Treated",8,"2021-12-14","2021-12-20",0
7,"B3",18010,"EC","Treated",8,"2021-12-14","2021-12-20",0
8,"B1",18203,"EC","Untreated",1,"2021-10-19","2021-10-26",0
8,"B2",18203,"EC","Untreated",1,"2021-10-19","2021-10-26",0
8,"B3",18203,"EC","Untreated",1,"2021-10-19","2021-10-26",0
8,"B4",18203,"EC","Untreated",2,"2021-10-26","2021-11-04",0
8,"B5",18203,"EC","Untreated",2,"2021-10-26","2021-11-04",0
8,"B6",18203,"EC","Untreated",2,"2021-10-26","2021-11-04",0
8,"B7",18203,"EC","Untreated",3,"2021-11-04","2021-11-10",0
8,"B8",18203,"EC","Untreated",3,"2021-11-04","2021-11-10",0
8,"B9",18203,"EC","Untreated",3,"2021-11-04","2021-11-10",0
8,"B10",18203,"EC","Untreated",4,"2021-11-10","2021-11-17",0
8,"B11",18203,"EC","Untreated",4,"2021-11-10","2021-11-17",0
8,"B12",18203,"EC","Untreated",4,"2021-11-10","2021-11-17",0
8,"B13",18203,"EC","Untreated",5,"2021-11-17","2021-11-30",0
8,"B14",18203,"EC","Untreated",5,"2021-11-17","2021-11-30",0
8,"B15",18203,"EC","Untreated",5,"2021-11-17","2021-11-30",0
8,"B16",18203,"EC","Untreated",6,"2021-11-30","2021-12-07",0
8,"B17",18203,"EC","Untreated",6,"2021-11-30","2021-12-07",0
8,"B18",18203,"EC","Untreated",6,"2021-11-30","2021-12-07",0
8,"B19",18203,"EC","Untreated",7,"2021-12-07","2021-12-14",0
8,"B20",18203,"EC","Untreated",7,"2021-12-07","2021-12-14",0
8,"B21",18203,"EC","Untreated",7,"2021-12-07","2021-12-14",0
8,"B22",18203,"EC","Untreated",8,"2021-12-14","2021-12-20",0
8,"B23",18203,"EC","Untreated",8,"2021-12-14","2021-12-20",0
8,"B24",18203,"EC","Untreated",8,"2021-12-14","2021-12-20",0
9,"B1",18205,"NH","Untreated",1,"2021-10-19","2021-10-27",0
9,"B2",18205,"NH","Untreated",1,"2021-10-19","2021-10-27",0
9,"B3",18205,"NH","Untreated",1,"2021-10-19","2021-10-27",0
9,"B1",18205,"NH","Untreated",2,"2021-10-27","2021-11-04",0
9,"B2",18205,"NH","Untreated",2,"2021-10-27","2021-11-04",0
9,"B3",18205,"NH","Untreated",2,"2021-10-27","2021-11-04",0
9,"B1",18205,"NH","Untreated",3,"2021-11-04","2021-11-10",0
9,"B2",18205,"NH","Untreated",3,"2021-11-04","2021-11-10",0
9,"B3",18205,"NH","Untreated",3,"2021-11-04","2021-11-10",1
9,"B1",18205,"NH","Untreated",4,"2021-11-10","2021-11-18",0
9,"B2",18205,"NH","Untreated",4,"2021-11-10","2021-11-18",0
9,"B3",18205,"NH","Untreated",4,"2021-11-10","2021-11-18",0
9,"B1",18205,"NH","Untreated",5,"2021-11-22","2021-11-30",0
9,"B2",18205,"NH","Untreated",5,"2021-11-22","2021-11-30",0
9,"B3",18205,"NH","Untreated",5,"2021-11-22","2021-11-30",0
9,"B1",18205,"NH","Untreated",6,"2021-11-30","2021-12-07",0
9,"B2",18205,"NH","Untreated",6,"2021-11-30","2021-12-07",0
9,"B3",18205,"NH","Untreated",6,"2021-11-30","2021-12-07",0
9,"B1",18205,"NH","Untreated",7,"2021-12-07","2021-12-14",0
9,"B2",18205,"NH","Untreated",7,"2021-12-07","2021-12-14",0
9,"B3",18205,"NH","Untreated",7,"2021-12-07","2021-12-14",0
9,"B1",18205,"NH","Untreated",8,"2021-12-14","2021-12-21",0
9,"B2",18205,"NH","Untreated",8,"2021-12-14","2021-12-21",0
9,"B3",18205,"NH","Untreated",8,"2021-12-14","2021-12-21",1
10,"B1",18213,"NH","Treated",1,"2021-10-19","2021-10-27",0
10,"B2",18213,"NH","Treated",1,"2021-10-19","2021-10-27",0
10,"B3",18213,"NH","Treated",1,"2021-10-19","2021-10-27",0
10,"B1",18213,"NH","Treated",2,"2021-10-27","2021-11-04",0
10,"B2",18213,"NH","Treated",2,"2021-10-27","2021-11-04",0
10,"B3",18213,"NH","Treated",2,"2021-10-27","2021-11-04",0
10,"B1",18213,"NH","Treated",3,"2021-11-04","2021-11-10",0
10,"B2",18213,"NH","Treated",3,"2021-11-04","2021-11-10",0
10,"B3",18213,"NH","Treated",3,"2021-11-04","2021-11-10",0
10,"B1",18213,"NH","Treated",4,"2021-11-10","2021-11-18",0
10,"B2",18213,"NH","Treated",4,"2021-11-10","2021-11-18",0
10,"B3",18213,"NH","Treated",4,"2021-11-10","2021-11-18",0
10,"B1",18213,"NH","Treated",5,"2021-11-22","2021-11-30",0
10,"B2",18213,"NH","Treated",5,"2021-11-22","2021-11-30",0
10,"B3",18213,"NH","Treated",5,"2021-11-22","2021-11-30",0
10,"B1",18213,"NH","Treated",6,"2021-11-30","2021-12-07",0
10,"B2",18213,"NH","Treated",6,"2021-11-30","2021-12-07",0
10,"B3",18213,"NH","Treated",6,"2021-11-30","2021-12-07",0
10,"B1",18213,"NH","Treated",7,"2021-12-07","2021-12-14",0
10,"B2",18213,"NH","Treated",7,"2021-12-07","2021-12-14",0
10,"B3",18213,"NH","Treated",7,"2021-12-07","2021-12-14",0
10,"B1",18213,"NH","Treated",8,"2021-12-14","2021-12-21",0
10,"B2",18213,"NH","Treated",8,"2021-12-14","2021-12-21",0
10,"B3",18213,"NH","Treated",8,"2021-12-14","2021-12-21",0
11,"B1",18224,"NH","Untreated",1,"2021-10-19","2021-10-27",0
11,"B2",18224,"NH","Untreated",1,"2021-10-19","2021-10-27",0
11,"B3",18224,"NH","Untreated",1,"2021-10-19","2021-10-27",0
11,"B1",18224,"NH","Untreated",2,"2021-10-27","2021-11-04",0
11,"B2",18224,"NH","Untreated",2,"2021-10-27","2021-11-04",0
11,"B3",18224,"NH","Untreated",2,"2021-10-27","2021-11-04",0
11,"B1",18224,"NH","Untreated",3,"2021-11-04","2021-11-10",0
11,"B2",18224,"NH","Untreated",3,"2021-11-04","2021-11-10",0
11,"B3",18224,"NH","Untreated",3,"2021-11-04","2021-11-10",0
11,"B1",18224,"NH","Untreated",4,"2021-11-10","2021-11-18",0
11,"B2",18224,"NH","Untreated",4,"2021-11-10","2021-11-18",0
11,"B3",18224,"NH","Untreated",4,"2021-11-10","2021-11-18",0
11,"B1",18224,"NH","Untreated",5,"2021-11-22","2021-11-30",0
11,"B2",18224,"NH","Untreated",5,"2021-11-22","2021-11-30",0
11,"B3",18224,"NH","Untreated",5,"2021-11-22","2021-11-30",0
11,"B1",18224,"NH","Untreated",6,"2021-11-30","2021-12-07",0
11,"B2",18224,"NH","Untreated",6,"2021-11-30","2021-12-07",0
11,"B3",18224,"NH","Untreated",6,"2021-11-30","2021-12-07",0
11,"B1",18224,"NH","Untreated",7,"2021-12-07","2021-12-14",0
11,"B2",18224,"NH","Untreated",7,"2021-12-07","2021-12-14",0
11,"B3",18224,"NH","Untreated",7,"2021-12-07","2021-12-14",0
11,"B1",18224,"NH","Untreated",8,"2021-12-14","2021-12-21",0
11,"B2",18224,"NH","Untreated",8,"2021-12-14","2021-12-21",0
11,"B3",18224,"NH","Untreated",8,"2021-12-14","2021-12-21",0
12,"B1",18209,"NH","Untreated",1,"2021-10-19","2021-10-27",0
12,"B2",18209,"NH","Untreated",1,"2021-10-19","2021-10-27",0
12,"B3",18209,"NH","Untreated",1,"2021-10-19","2021-10-27",0
12,"B1",18209,"NH","Untreated",2,"2021-10-27","2021-11-04",0
12,"B2",18209,"NH","Untreated",2,"2021-10-27","2021-11-04",0
12,"B3",18209,"NH","Untreated",2,"2021-10-27","2021-11-04",0
12,"B1",18209,"NH","Untreated",3,"2021-11-04","2021-11-10",0
12,"B2",18209,"NH","Untreated",3,"2021-11-04","2021-11-10",0
12,"B3",18209,"NH","Untreated",3,"2021-11-04","2021-11-10",0
12,"B1",18209,"NH","Untreated",4,"2021-11-10","2021-11-18",0
12,"B2",18209,"NH","Untreated",4,"2021-11-10","2021-11-18",0
12,"B3",18209,"NH","Untreated",4,"2021-11-10","2021-11-18",0
12,"B1",18209,"NH","Untreated",5,"2021-11-22","2021-11-30",0
12,"B2",18209,"NH","Untreated",5,"2021-11-22","2021-11-30",0
12,"B3",18209,"NH","Untreated",5,"2021-11-22","2021-11-30",0
12,"B1",18209,"NH","Untreated",6,"2021-11-30","2021-12-07",0
12,"B2",18209,"NH","Untreated",6,"2021-11-30","2021-12-07",0
12,"B3",18209,"NH","Untreated",6,"2021-11-30","2021-12-07",0
12,"B1",18209,"NH","Untreated",7,"2021-12-07","2021-12-14",0
12,"B2",18209,"NH","Untreated",7,"2021-12-07","2021-12-14",0
12,"B3",18209,"NH","Untreated",7,"2021-12-07","2021-12-14",0
12,"B1",18209,"NH","Untreated",8,"2021-12-14","2021-12-21",1
12,"B2",18209,"NH","Untreated",8,"2021-12-14","2021-12-21",1
12,"B3",18209,"NH","Untreated",8,"2021-12-14","2021-12-21",0
13,"B1",18206,"NH","Treated",1,"2021-10-19","2021-10-27",0
13,"B2",18206,"NH","Treated",1,"2021-10-19","2021-10-27",0
13,"B3",18206,"NH","Treated",1,"2021-10-19","2021-10-27",0
13,"B1",18206,"NH","Treated",2,"2021-10-27","2021-11-04",1
13,"B2",18206,"NH","Treated",2,"2021-10-27","2021-11-04",0
13,"B3",18206,"NH","Treated",2,"2021-10-27","2021-11-04",0
13,"B1",18206,"NH","Treated",3,"2021-11-04","2021-11-10",1
13,"B2",18206,"NH","Treated",3,"2021-11-04","2021-11-10",1
13,"B3",18206,"NH","Treated",3,"2021-11-04","2021-11-10",0
13,"B1",18206,"NH","Treated",4,"2021-11-10","2021-11-18",0
13,"B2",18206,"NH","Treated",4,"2021-11-10","2021-11-18",0
13,"B3",18206,"NH","Treated",4,"2021-11-10","2021-11-18",0
13,"B1",18206,"NH","Treated",5,"2021-11-22","2021-11-30",0
13,"B2",18206,"NH","Treated",5,"2021-11-22","2021-11-30",0
13,"B3",18206,"NH","Treated",5,"2021-11-22","2021-11-30",0
13,"B1",18206,"NH","Treated",6,"2021-11-30","2021-12-07",0
13,"B2",18206,"NH","Treated",6,"2021-11-30","2021-12-07",0
13,"B3",18206,"NH","Treated",6,"2021-11-30","2021-12-07",0
13,"B1",18206,"NH","Treated",7,"2021-12-07","2021-12-14",0
13,"B2",18206,"NH","Treated",7,"2021-12-07","2021-12-14",0
13,"B3",18206,"NH","Treated",7,"2021-12-07","2021-12-14",3
13,"B1",18206,"NH","Treated",8,"2021-12-14","2021-12-21",3
13,"B2",18206,"NH","Treated",8,"2021-12-14","2021-12-21",1
13,"B3",18206,"NH","Treated",8,"2021-12-14","2021-12-21",3
14,"B1",18207,"NH","Treated",1,"2021-10-19","2021-10-27",0
14,"B2",18207,"NH","Treated",1,"2021-10-19","2021-10-27",0
14,"B3",18207,"NH","Treated",1,"2021-10-19","2021-10-27",0
14,"B1",18207,"NH","Treated",2,"2021-10-27","2021-11-04",0
14,"B2",18207,"NH","Treated",2,"2021-10-27","2021-11-04",0
14,"B3",18207,"NH","Treated",2,"2021-10-27","2021-11-04",0
14,"B1",18207,"NH","Treated",3,"2021-11-04","2021-11-10",0
14,"B2",18207,"NH","Treated",3,"2021-11-04","2021-11-10",0
14,"B3",18207,"NH","Treated",3,"2021-11-04","2021-11-10",0
14,"B1",18207,"NH","Treated",4,"2021-11-10","2021-11-18",0
14,"B2",18207,"NH","Treated",4,"2021-11-10","2021-11-18",0
14,"B3",18207,"NH","Treated",4,"2021-11-10","2021-11-18",0
14,"B1",18207,"NH","Treated",5,"2021-11-22","2021-11-30",0
14,"B2",18207,"NH","Treated",5,"2021-11-22","2021-11-30",0
14,"B3",18207,"NH","Treated",5,"2021-11-22","2021-11-30",0
14,"B1",18207,"NH","Treated",6,"2021-11-30","2021-12-07",0
14,"B2",18207,"NH","Treated",6,"2021-11-30","2021-12-07",0
14,"B3",18207,"NH","Treated",6,"2021-11-30","2021-12-07",0
14,"B1",18207,"NH","Treated",7,"2021-12-07","2021-12-14",0
14,"B2",18207,"NH","Treated",7,"2021-12-07","2021-12-14",0
14,"B3",18207,"NH","Treated",7,"2021-12-07","2021-12-14",0
14,"B1",18207,"NH","Treated",8,"2021-12-14","2021-12-21",0
14,"B2",18207,"NH","Treated",8,"2021-12-14","2021-12-21",0
14,"B3",18207,"NH","Treated",8,"2021-12-14","2021-12-21",0
15,"B1",18141,"CC","Untreated",1,"2021-10-20","2021-10-28",0
15,"B2",18141,"CC","Untreated",1,"2021-10-20","2021-10-28",0
15,"B3",18141,"CC","Untreated",1,"2021-10-20","2021-10-28",0
15,"B1",18141,"CC","Untreated",2,"2021-10-28","2021-11-05",0
15,"B2",18141,"CC","Untreated",2,"2021-10-28","2021-11-05",0
15,"B3",18141,"CC","Untreated",2,"2021-10-28","2021-11-05",0
15,"B1",18141,"CC","Untreated",3,"2021-11-05","2021-11-09",0
15,"B2",18141,"CC","Untreated",3,"2021-11-05","2021-11-09",0
15,"B3",18141,"CC","Untreated",3,"2021-11-05","2021-11-09",0
15,"B1",18141,"CC","Untreated",4,"2021-11-09","2021-11-18",0
15,"B2",18141,"CC","Untreated",4,"2021-11-09","2021-11-18",0
15,"B3",18141,"CC","Untreated",4,"2021-11-09","2021-11-18",0
15,"B1",18141,"CC","Untreated",5,"2021-11-18","2021-11-29",0
15,"B2",18141,"CC","Untreated",5,"2021-11-18","2021-11-29",0
15,"B3",18141,"CC","Untreated",5,"2021-11-18","2021-11-29",0
15,"B1",18141,"CC","Untreated",6,"2021-11-29","2021-12-07",0
15,"B2",18141,"CC","Untreated",6,"2021-11-29","2021-12-07",0
15,"B3",18141,"CC","Untreated",6,"2021-11-29","2021-12-07",0
15,"B1",18141,"CC","Untreated",7,"2021-12-07","2021-12-13",0
15,"B2",18141,"CC","Untreated",7,"2021-12-07","2021-12-13",0
15,"B3",18141,"CC","Untreated",7,"2021-12-07","2021-12-13",0
15,"B1",18141,"CC","Untreated",8,"2021-12-13","2021-12-20",0
15,"B2",18141,"CC","Untreated",8,"2021-12-13","2021-12-20",0
15,"B3",18141,"CC","Untreated",8,"2021-12-13","2021-12-20",0
16,"B1",18140,"CC","Treated",1,"2021-10-20","2021-10-28",0
16,"B2",18140,"CC","Treated",1,"2021-10-20","2021-10-28",0
16,"B3",18140,"CC","Treated",1,"2021-10-20","2021-10-28",0
16,"B1",18140,"CC","Treated",2,"2021-10-28","2021-11-05",0
16,"B2",18140,"CC","Treated",2,"2021-10-28","2021-11-05",0
16,"B3",18140,"CC","Treated",2,"2021-10-28","2021-11-05",0
16,"B1",18140,"CC","Treated",3,"2021-11-05","2021-11-09",0
16,"B2",18140,"CC","Treated",3,"2021-11-05","2021-11-09",0
16,"B3",18140,"CC","Treated",3,"2021-11-05","2021-11-09",0
16,"B1",18140,"CC","Treated",4,"2021-11-09","2021-11-18",0
16,"B2",18140,"CC","Treated",4,"2021-11-09","2021-11-18",0
16,"B3",18140,"CC","Treated",4,"2021-11-09","2021-11-18",0
16,"B1",18140,"CC","Treated",5,"2021-11-18","2021-11-29",0
16,"B2",18140,"CC","Treated",5,"2021-11-18","2021-11-29",0
16,"B3",18140,"CC","Treated",5,"2021-11-18","2021-11-29",0
16,"B1",18140,"CC","Treated",6,"2021-11-29","2021-12-07",0
16,"B2",18140,"CC","Treated",6,"2021-11-29","2021-12-07",0
16,"B3",18140,"CC","Treated",6,"2021-11-29","2021-12-07",0
16,"B1",18140,"CC","Treated",7,"2021-12-07","2021-12-13",1
16,"B2",18140,"CC","Treated",7,"2021-12-07","2021-12-13",0
16,"B3",18140,"CC","Treated",7,"2021-12-07","2021-12-13",0
16,"B1",18140,"CC","Treated",8,"2021-12-13","2021-12-20",0
16,"B2",18140,"CC","Treated",8,"2021-12-13","2021-12-20",0
16,"B3",18140,"CC","Treated",8,"2021-12-13","2021-12-20",0
17,"B1",18006,"CC","Untreated",1,"2021-10-20","2021-10-28",0
17,"B2",18006,"CC","Untreated",1,"2021-10-20","2021-10-28",1
17,"B3",18006,"CC","Untreated",1,"2021-10-20","2021-10-28",3
17,"B1",18006,"CC","Untreated",2,"2021-10-28","2021-11-05",0
17,"B2",18006,"CC","Untreated",2,"2021-10-28","2021-11-05",0
17,"B3",18006,"CC","Untreated",2,"2021-10-28","2021-11-05",0
17,"B1",18006,"CC","Untreated",3,"2021-11-05","2021-11-09",0
17,"B2",18006,"CC","Untreated",3,"2021-11-05","2021-11-09",3
17,"B3",18006,"CC","Untreated",3,"2021-11-05","2021-11-09",0
17,"B1",18006,"CC","Untreated",4,"2021-11-09","2021-11-18",0
17,"B2",18006,"CC","Untreated",4,"2021-11-09","2021-11-18",0
17,"B3",18006,"CC","Untreated",4,"2021-11-09","2021-11-18",0
17,"B1",18006,"CC","Untreated",5,"2021-11-18","2021-11-29",0
17,"B2",18006,"CC","Untreated",5,"2021-11-18","2021-11-29",0
17,"B3",18006,"CC","Untreated",5,"2021-11-18","2021-11-29",0
17,"B1",18006,"CC","Untreated",6,"2021-11-29","2021-12-07",0
17,"B2",18006,"CC","Untreated",6,"2021-11-29","2021-12-07",0
17,"B3",18006,"CC","Untreated",6,"2021-11-29","2021-12-07",0
17,"B1",18006,"CC","Untreated",7,"2021-12-07","2021-12-13",0
17,"B2",18006,"CC","Untreated",7,"2021-12-07","2021-12-13",0
17,"B3",18006,"CC","Untreated",7,"2021-12-07","2021-12-13",0
17,"B1",18006,"CC","Untreated",8,"2021-12-13","2021-12-20",0
17,"B2",18006,"CC","Untreated",8,"2021-12-13","2021-12-20",0
17,"B3",18006,"CC","Untreated",8,"2021-12-13","2021-12-20",1
18,"B1",18145,"CC","Treated",1,"2021-10-20","2021-10-28",0
18,"B2",18145,"CC","Treated",1,"2021-10-20","2021-10-28",0
18,"B3",18145,"CC","Treated",1,"2021-10-20","2021-10-28",0
18,"B1",18145,"CC","Treated",2,"2021-10-28","2021-11-05",0
18,"B2",18145,"CC","Treated",2,"2021-10-28","2021-11-05",0
18,"B3",18145,"CC","Treated",2,"2021-10-28","2021-11-05",1
18,"B1",18145,"CC","Treated",3,"2021-11-05","2021-11-09",0
18,"B2",18145,"CC","Treated",3,"2021-11-05","2021-11-09",1
18,"B3",18145,"CC","Treated",3,"2021-11-05","2021-11-09",0
18,"B1",18145,"CC","Treated",4,"2021-11-09","2021-11-18",0
18,"B2",18145,"CC","Treated",4,"2021-11-09","2021-11-18",0
18,"B3",18145,"CC","Treated",4,"2021-11-09","2021-11-18",0
18,"B1",18145,"CC","Treated",5,"2021-11-18","2021-11-29",0
18,"B2",18145,"CC","Treated",5,"2021-11-18","2021-11-29",0
18,"B3",18145,"CC","Treated",5,"2021-11-18","2021-11-29",0
18,"B1",18145,"CC","Treated",6,"2021-11-29","2021-12-07",0
18,"B2",18145,"CC","Treated",6,"2021-11-29","2021-12-07",0
18,"B3",18145,"CC","Treated",6,"2021-11-29","2021-12-07",0
18,"B1",18145,"CC","Treated",7,"2021-12-07","2021-12-13",0
18,"B2",18145,"CC","Treated",7,"2021-12-07","2021-12-13",3
18,"B3",18145,"CC","Treated",7,"2021-12-07","2021-12-13",0
18,"B1",18145,"CC","Treated",8,"2021-12-13","2021-12-20",0
18,"B2",18145,"CC","Treated",8,"2021-12-13","2021-12-20",0
18,"B3",18145,"CC","Treated",8,"2021-12-13","2021-12-20",3
19,"B1",18144,"CC","Untreated",1,"2021-10-20","2021-10-28",0
19,"B2",18144,"CC","Untreated",1,"2021-10-20","2021-10-28",3
19,"B3",18144,"CC","Untreated",1,"2021-10-20","2021-10-28",0
19,"B1",18144,"CC","Untreated",2,"2021-10-28","2021-11-05",0
19,"B2",18144,"CC","Untreated",2,"2021-10-28","2021-11-05",3
19,"B3",18144,"CC","Untreated",2,"2021-10-28","2021-11-05",0
19,"B1",18144,"CC","Untreated",3,"2021-11-05","2021-11-09",0
19,"B2",18144,"CC","Untreated",3,"2021-11-05","2021-11-09",3
19,"B3",18144,"CC","Untreated",3,"2021-11-05","2021-11-09",0
19,"B1",18144,"CC","Untreated",4,"2021-11-09","2021-11-18",0
19,"B2",18144,"CC","Untreated",4,"2021-11-09","2021-11-18",2
19,"B3",18144,"CC","Untreated",4,"2021-11-09","2021-11-18",0
19,"B1",18144,"CC","Untreated",5,"2021-11-18","2021-11-29",0
19,"B2",18144,"CC","Untreated",5,"2021-11-18","2021-11-29",0
19,"B3",18144,"CC","Untreated",5,"2021-11-18","2021-11-29",0
19,"B1",18144,"CC","Untreated",6,"2021-11-29","2021-12-07",0
19,"B2",18144,"CC","Untreated",6,"2021-11-29","2021-12-07",0
19,"B3",18144,"CC","Untreated",6,"2021-11-29","2021-12-07",0
19,"B1",18144,"CC","Untreated",7,"2021-12-07","2021-12-13",0
19,"B2",18144,"CC","Untreated",7,"2021-12-07","2021-12-13",2
19,"B3",18144,"CC","Untreated",7,"2021-12-07","2021-12-13",0
19,"B1",18144,"CC","Untreated",8,"2021-12-13","2021-12-20",0
19,"B2",18144,"CC","Untreated",8,"2021-12-13","2021-12-20",1
19,"B3",18144,"CC","Untreated",8,"2021-12-13","2021-12-20",0
20,"B1",18143,"CC","Treated",1,"2021-10-20","2021-10-28",0
20,"B2",18143,"CC","Treated",1,"2021-10-20","2021-10-28",0
20,"B3",18143,"CC","Treated",1,"2021-10-20","2021-10-28",0
20,"B1",18143,"CC","Treated",2,"2021-10-28","2021-11-05",0
20,"B2",18143,"CC","Treated",2,"2021-10-28","2021-11-05",0
20,"B3",18143,"CC","Treated",2,"2021-10-28","2021-11-05",0
20,"B1",18143,"CC","Treated",3,"2021-11-05","2021-11-09",0
20,"B2",18143,"CC","Treated",3,"2021-11-05","2021-11-09",0
20,"B3",18143,"CC","Treated",3,"2021-11-05","2021-11-09",0
20,"B1",18143,"CC","Treated",4,"2021-11-09","2021-11-18",0
20,"B2",18143,"CC","Treated",4,"2021-11-09","2021-11-18",0
20,"B3",18143,"CC","Treated",4,"2021-11-09","2021-11-18",0
20,"B1",18143,"CC","Treated",5,"2021-11-18","2021-11-29",0
20,"B2",18143,"CC","Treated",5,"2021-11-18","2021-11-29",0
20,"B3",18143,"CC","Treated",5,"2021-11-18","2021-11-29",0
20,"B1",18143,"CC","Treated",7,"2021-12-07","2021-12-13",0
20,"B2",18143,"CC","Treated",7,"2021-12-07","2021-12-13",0
20,"B3",18143,"CC","Treated",7,"2021-12-07","2021-12-13",0
20,"B1",18143,"CC","Treated",8,"2021-12-13","2021-12-20",0
20,"B2",18143,"CC","Treated",8,"2021-12-13","2021-12-20",0
20,"B3",18143,"CC","Treated",8,"2021-12-13","2021-12-20",0
21,"B1",18108,"CC","Untreated",1,"2021-10-20","2021-10-28",0
21,"B2",18108,"CC","Untreated",1,"2021-10-20","2021-10-28",0
21,"B3",18108,"CC","Untreated",1,"2021-10-20","2021-10-28",0
21,"B1",18108,"CC","Untreated",2,"2021-10-28","2021-11-05",0
21,"B2",18108,"CC","Untreated",2,"2021-10-28","2021-11-05",0
21,"B3",18108,"CC","Untreated",2,"2021-10-28","2021-11-05",0
21,"B1",18108,"CC","Untreated",3,"2021-11-05","2021-11-09",0
21,"B2",18108,"CC","Untreated",3,"2021-11-05","2021-11-09",0
21,"B3",18108,"CC","Untreated",3,"2021-11-05","2021-11-09",0
21,"B1",18108,"CC","Untreated",4,"2021-11-09","2021-11-18",0
21,"B2",18108,"CC","Untreated",4,"2021-11-09","2021-11-18",0
21,"B3",18108,"CC","Untreated",4,"2021-11-09","2021-11-18",0
21,"B1",18108,"CC","Untreated",5,"2021-11-18","2021-11-29",0
21,"B2",18108,"CC","Untreated",5,"2021-11-18","2021-11-29",0
21,"B3",18108,"CC","Untreated",5,"2021-11-18","2021-11-29",0
21,"B1",18108,"CC","Untreated",6,"2021-11-29","2021-12-07",0
21,"B2",18108,"CC","Untreated",6,"2021-11-29","2021-12-07",0
21,"B3",18108,"CC","Untreated",6,"2021-11-29","2021-12-07",0
21,"B1",18108,"CC","Untreated",7,"2021-12-07","2021-12-13",0
21,"B2",18108,"CC","Untreated",7,"2021-12-07","2021-12-13",0
21,"B3",18108,"CC","Untreated",7,"2021-12-07","2021-12-13",0
21,"B1",18108,"CC","Untreated",8,"2021-12-13","2021-12-20",0
21,"B2",18108,"CC","Untreated",8,"2021-12-13","2021-12-20",0
21,"B3",18108,"CC","Untreated",8,"2021-12-13","2021-12-20",0
22,"B1",18049,"CC","Treated",1,"2021-10-20","2021-10-28",0
22,"B2",18049,"CC","Treated",1,"2021-10-20","2021-10-28",0
22,"B3",18049,"CC","Treated",1,"2021-10-20","2021-10-28",0
22,"B1",18049,"CC","Treated",2,"2021-10-28","2021-11-05",0
22,"B2",18049,"CC","Treated",2,"2021-10-28","2021-11-05",0
22,"B3",18049,"CC","Treated",2,"2021-10-28","2021-11-05",0
22,"B1",18049,"CC","Treated",3,"2021-11-05","2021-11-09",0
22,"B2",18049,"CC","Treated",3,"2021-11-05","2021-11-09",0
22,"B3",18049,"CC","Treated",3,"2021-11-05","2021-11-09",0
22,"B1",18049,"CC","Treated",4,"2021-11-09","2021-11-18",0
22,"B2",18049,"CC","Treated",4,"2021-11-09","2021-11-18",0
22,"B3",18049,"CC","Treated",4,"2021-11-09","2021-11-18",0
22,"B1",18049,"CC","Treated",5,"2021-11-18","2021-11-29",0
22,"B2",18049,"CC","Treated",5,"2021-11-18","2021-11-29",0
22,"B3",18049,"CC","Treated",5,"2021-11-18","2021-11-29",0
22,"B1",18049,"CC","Treated",6,"2021-11-29","2021-12-07",0
22,"B2",18049,"CC","Treated",6,"2021-11-29","2021-12-07",0
22,"B3",18049,"CC","Treated",6,"2021-11-29","2021-12-07",0
22,"B1",18049,"CC","Treated",7,"2021-12-07","2021-12-13",0
22,"B2",18049,"CC","Treated",7,"2021-12-07","2021-12-13",0
22,"B3",18049,"CC","Treated",7,"2021-12-07","2021-12-13",0
22,"B1",18049,"CC","Treated",8,"2021-12-13","2021-12-20",0
22,"B2",18049,"CC","Treated",8,"2021-12-13","2021-12-20",0
22,"B3",18049,"CC","Treated",8,"2021-12-13","2021-12-20",0
23,"B1",18130,"CC","Untreated",1,"2021-10-20","2021-10-28",1
23,"B2",18130,"CC","Untreated",1,"2021-10-20","2021-10-28",0
23,"B3",18130,"CC","Untreated",1,"2021-10-20","2021-10-28",3
23,"B1",18130,"CC","Untreated",2,"2021-10-28","2021-11-05",1
23,"B2",18130,"CC","Untreated",2,"2021-10-28","2021-11-05",1
23,"B3",18130,"CC","Untreated",2,"2021-10-28","2021-11-05",1
23,"B1",18130,"CC","Untreated",3,"2021-11-05","2021-11-09",2
23,"B2",18130,"CC","Untreated",3,"2021-11-05","2021-11-09",0
23,"B3",18130,"CC","Untreated",3,"2021-11-05","2021-11-09",3
23,"B1",18130,"CC","Untreated",4,"2021-11-09","2021-11-18",0
23,"B2",18130,"CC","Untreated",4,"2021-11-09","2021-11-18",0
23,"B3",18130,"CC","Untreated",4,"2021-11-09","2021-11-18",0
23,"B1",18130,"CC","Untreated",5,"2021-11-18","2021-11-29",0
23,"B2",18130,"CC","Untreated",5,"2021-11-18","2021-11-29",0
23,"B3",18130,"CC","Untreated",5,"2021-11-18","2021-11-29",0
23,"B1",18130,"CC","Untreated",6,"2021-11-29","2021-12-07",0
23,"B2",18130,"CC","Untreated",6,"2021-11-29","2021-12-07",0
23,"B3",18130,"CC","Untreated",6,"2021-11-29","2021-12-07",0
23,"B1",18130,"CC","Untreated",7,"2021-12-07","2021-12-13",0
23,"B2",18130,"CC","Untreated",7,"2021-12-07","2021-12-13",0
23,"B3",18130,"CC","Untreated",7,"2021-12-07","2021-12-13",0
23,"B1",18130,"CC","Untreated",8,"2021-12-13","2021-12-20",3
23,"B2",18130,"CC","Untreated",8,"2021-12-13","2021-12-20",1
23,"B3",18130,"CC","Untreated",8,"2021-12-13","2021-12-20",0
24,"B1",18041,"CC","Treated",1,"2021-10-20","2021-10-28",1
24,"B2",18041,"CC","Treated",1,"2021-10-20","2021-10-28",0
24,"B3",18041,"CC","Treated",1,"2021-10-20","2021-10-28",0
24,"B1",18041,"CC","Treated",2,"2021-10-28","2021-11-05",0
24,"B2",18041,"CC","Treated",2,"2021-10-28","2021-11-05",2
24,"B3",18041,"CC","Treated",2,"2021-10-28","2021-11-05",0
24,"B1",18041,"CC","Treated",3,"2021-11-05","2021-11-09",3
24,"B2",18041,"CC","Treated",3,"2021-11-05","2021-11-09",1
24,"B3",18041,"CC","Treated",3,"2021-11-05","2021-11-09",0
24,"B1",18041,"CC","Treated",4,"2021-11-09","2021-11-18",0
24,"B2",18041,"CC","Treated",4,"2021-11-09","2021-11-18",0
24,"B3",18041,"CC","Treated",4,"2021-11-09","2021-11-18",0
24,"B1",18041,"CC","Treated",5,"2021-11-18","2021-11-29",0
24,"B2",18041,"CC","Treated",5,"2021-11-18","2021-11-29",0
24,"B3",18041,"CC","Treated",5,"2021-11-18","2021-11-29",0
24,"B1",18041,"CC","Treated",6,"2021-11-29","2021-12-07",0
24,"B2",18041,"CC","Treated",6,"2021-11-29","2021-12-07",0
24,"B3",18041,"CC","Treated",6,"2021-11-29","2021-12-07",0
24,"B1",18041,"CC","Treated",7,"2021-12-07","2021-12-13",2
24,"B2",18041,"CC","Treated",7,"2021-12-07","2021-12-13",0
24,"B3",18041,"CC","Treated",7,"2021-12-07","2021-12-13",2
24,"B1",18041,"CC","Treated",8,"2021-12-13","2021-12-20",3
24,"B2",18041,"CC","Treated",8,"2021-12-13","2021-12-20",0
24,"B3",18041,"CC","Treated",8,"2021-12-13","2021-12-20",3
25,"B1",18042,"CC","Untreated",1,"2021-10-20","2021-10-28",3
25,"B2",18042,"CC","Untreated",1,"2021-10-20","2021-10-28",0
25,"B3",18042,"CC","Untreated",1,"2021-10-20","2021-10-28",3
25,"B1",18042,"CC","Untreated",2,"2021-10-28","2021-11-04",0
25,"B2",18042,"CC","Untreated",2,"2021-10-28","2021-11-04",0
25,"B3",18042,"CC","Untreated",2,"2021-10-28","2021-11-04",0
25,"B1",18042,"CC","Untreated",3,"2021-11-04","2021-11-09",1
25,"B2",18042,"CC","Untreated",3,"2021-11-04","2021-11-09",0
25,"B3",18042,"CC","Untreated",3,"2021-11-04","2021-11-09",0
25,"B1",18042,"CC","Untreated",4,"2021-11-09","2021-11-18",0
25,"B2",18042,"CC","Untreated",4,"2021-11-09","2021-11-18",0
25,"B3",18042,"CC","Untreated",4,"2021-11-09","2021-11-18",0
25,"B1",18042,"CC","Untreated",5,"2021-11-18","2021-11-29",0
25,"B2",18042,"CC","Untreated",5,"2021-11-18","2021-11-29",0
25,"B3",18042,"CC","Untreated",5,"2021-11-18","2021-11-29",0
25,"B1",18042,"CC","Untreated",6,"2021-11-29","2021-12-07",0
25,"B2",18042,"CC","Untreated",6,"2021-11-29","2021-12-07",0
25,"B3",18042,"CC","Untreated",6,"2021-11-29","2021-12-07",0
25,"B1",18042,"CC","Untreated",7,"2021-12-07","2021-12-13",0
25,"B2",18042,"CC","Untreated",7,"2021-12-07","2021-12-13",0
25,"B3",18042,"CC","Untreated",7,"2021-12-07","2021-12-13",0
25,"B1",18042,"CC","Untreated",8,"2021-12-13","2021-12-20",2
25,"B2",18042,"CC","Untreated",8,"2021-12-13","2021-12-20",0
25,"B3",18042,"CC","Untreated",8,"2021-12-13","2021-12-20",1
26,"B1",18036,"CC","Treated",1,"2021-10-20","2021-10-28",0
26,"B2",18036,"CC","Treated",1,"2021-10-20","2021-10-28",0
26,"B3",18036,"CC","Treated",1,"2021-10-20","2021-10-28",3
26,"B1",18036,"CC","Treated",2,"2021-10-28","2021-11-04",0
26,"B2",18036,"CC","Treated",2,"2021-10-28","2021-11-04",0
26,"B3",18036,"CC","Treated",2,"2021-10-28","2021-11-04",1
26,"B1",18036,"CC","Treated",3,"2021-11-04","2021-11-09",1
26,"B2",18036,"CC","Treated",3,"2021-11-04","2021-11-09",0
26,"B3",18036,"CC","Treated",3,"2021-11-04","2021-11-09",1
26,"B1",18036,"CC","Treated",4,"2021-11-09","2021-11-18",0
26,"B2",18036,"CC","Treated",4,"2021-11-09","2021-11-18",0
26,"B3",18036,"CC","Treated",4,"2021-11-09","2021-11-18",0
26,"B1",18036,"CC","Treated",5,"2021-11-18","2021-11-29",0
26,"B2",18036,"CC","Treated",5,"2021-11-18","2021-11-29",0
26,"B3",18036,"CC","Treated",5,"2021-11-18","2021-11-29",0
26,"B1",18036,"CC","Treated",6,"2021-11-29","2021-12-07",0
26,"B2",18036,"CC","Treated",6,"2021-11-29","2021-12-07",0
26,"B3",18036,"CC","Treated",6,"2021-11-29","2021-12-07",0
26,"B1",18036,"CC","Treated",7,"2021-12-07","2021-12-13",0
26,"B2",18036,"CC","Treated",7,"2021-12-07","2021-12-13",0
26,"B3",18036,"CC","Treated",7,"2021-12-07","2021-12-13",0
26,"B1",18036,"CC","Treated",8,"2021-12-13","2021-12-20",0
26,"B2",18036,"CC","Treated",8,"2021-12-13","2021-12-20",0
26,"B3",18036,"CC","Treated",8,"2021-12-13","2021-12-20",3
27,"B1",18035,"CC","Untreated",1,"2021-10-20","2021-10-27",0
27,"B2",18035,"CC","Untreated",1,"2021-10-20","2021-10-27",0
27,"B3",18035,"CC","Untreated",1,"2021-10-20","2021-10-27",0
27,"B1",18035,"CC","Untreated",2,"2021-10-27","2021-11-04",0
27,"B2",18035,"CC","Untreated",2,"2021-10-27","2021-11-04",0
27,"B3",18035,"CC","Untreated",2,"2021-10-27","2021-11-04",0
27,"B1",18035,"CC","Untreated",3,"2021-11-04","2021-11-09",0
27,"B2",18035,"CC","Untreated",3,"2021-11-04","2021-11-09",0
27,"B3",18035,"CC","Untreated",3,"2021-11-04","2021-11-09",0
27,"B1",18035,"CC","Untreated",4,"2021-11-09","2021-11-17",0
27,"B2",18035,"CC","Untreated",4,"2021-11-09","2021-11-17",0
27,"B3",18035,"CC","Untreated",4,"2021-11-09","2021-11-17",0
27,"B1",18035,"CC","Untreated",5,"2021-11-17","2021-11-29",0
27,"B2",18035,"CC","Untreated",5,"2021-11-17","2021-11-29",0
27,"B3",18035,"CC","Untreated",5,"2021-11-17","2021-11-29",0
27,"B1",18035,"CC","Untreated",6,"2021-11-29","2021-12-07",0
27,"B2",18035,"CC","Untreated",6,"2021-11-29","2021-12-07",0
27,"B3",18035,"CC","Untreated",6,"2021-11-29","2021-12-07",0
27,"B1",18035,"CC","Untreated",7,"2021-12-07","2021-12-13",0
27,"B2",18035,"CC","Untreated",7,"2021-12-07","2021-12-13",0
27,"B3",18035,"CC","Untreated",7,"2021-12-07","2021-12-13",1
27,"B1",18035,"CC","Untreated",8,"2021-12-13","2021-12-20",0
27,"B2",18035,"CC","Untreated",8,"2021-12-13","2021-12-20",0
27,"B3",18035,"CC","Untreated",8,"2021-12-13","2021-12-20",0
28,"B1",18038,"CC","Treated",1,"2021-10-20","2021-10-27",0
28,"B2",18038,"CC","Treated",1,"2021-10-20","2021-10-27",0
28,"B3",18038,"CC","Treated",1,"2021-10-20","2021-10-27",2
28,"B1",18038,"CC","Treated",2,"2021-10-27","2021-11-04",0
28,"B2",18038,"CC","Treated",2,"2021-10-27","2021-11-04",0
28,"B3",18038,"CC","Treated",2,"2021-10-27","2021-11-04",0
28,"B1",18038,"CC","Treated",3,"2021-11-04","2021-11-09",0
28,"B2",18038,"CC","Treated",3,"2021-11-04","2021-11-09",0
28,"B3",18038,"CC","Treated",3,"2021-11-04","2021-11-09",0
28,"B1",18038,"CC","Treated",4,"2021-11-09","2021-11-17",0
28,"B2",18038,"CC","Treated",4,"2021-11-09","2021-11-17",0
28,"B3",18038,"CC","Treated",4,"2021-11-09","2021-11-17",0
28,"B1",18038,"CC","Treated",5,"2021-11-17","2021-11-29",0
28,"B2",18038,"CC","Treated",5,"2021-11-17","2021-11-29",0
28,"B3",18038,"CC","Treated",5,"2021-11-17","2021-11-29",0
28,"B1",18038,"CC","Treated",6,"2021-11-29","2021-12-07",0
28,"B2",18038,"CC","Treated",6,"2021-11-29","2021-12-07",0
28,"B3",18038,"CC","Treated",6,"2021-11-29","2021-12-07",0
28,"B1",18038,"CC","Treated",7,"2021-12-07","2021-12-13",0
28,"B2",18038,"CC","Treated",7,"2021-12-07","2021-12-13",0
28,"B3",18038,"CC","Treated",7,"2021-12-07","2021-12-13",1
28,"B1",18038,"CC","Treated",8,"2021-12-13","2021-12-20",0
28,"B2",18038,"CC","Treated",8,"2021-12-13","2021-12-20",0
28,"B3",18038,"CC","Treated",8,"2021-12-13","2021-12-20",1
29,"B1",18127,"CC","Untreated",1,"2021-10-20","2021-10-27",0
29,"B2",18127,"CC","Untreated",1,"2021-10-20","2021-10-27",0
29,"B3",18127,"CC","Untreated",1,"2021-10-20","2021-10-27",0
29,"B1",18127,"CC","Untreated",2,"2021-10-27","2021-11-04",0
29,"B2",18127,"CC","Untreated",2,"2021-10-27","2021-11-04",0
29,"B3",18127,"CC","Untreated",2,"2021-10-27","2021-11-04",0
29,"B1",18127,"CC","Untreated",3,"2021-11-04","2021-11-09",0
29,"B2",18127,"CC","Untreated",3,"2021-11-04","2021-11-09",0
29,"B3",18127,"CC","Untreated",3,"2021-11-04","2021-11-09",0
29,"B1",18127,"CC","Untreated",4,"2021-11-09","2021-11-16",0
29,"B2",18127,"CC","Untreated",4,"2021-11-09","2021-11-16",0
29,"B3",18127,"CC","Untreated",4,"2021-11-09","2021-11-16",0
29,"B1",18127,"CC","Untreated",5,"2021-11-16","2021-11-29",0
29,"B2",18127,"CC","Untreated",5,"2021-11-16","2021-11-29",0
29,"B3",18127,"CC","Untreated",5,"2021-11-16","2021-11-29",0
29,"B1",18127,"CC","Untreated",6,"2021-11-29","2021-12-07",0
29,"B2",18127,"CC","Untreated",6,"2021-11-29","2021-12-07",0
29,"B3",18127,"CC","Untreated",6,"2021-11-29","2021-12-07",0
29,"B1",18127,"CC","Untreated",7,"2021-12-07","2021-12-13",0
29,"B2",18127,"CC","Untreated",7,"2021-12-07","2021-12-13",0
29,"B3",18127,"CC","Untreated",7,"2021-12-07","2021-12-13",0
29,"B1",18127,"CC","Untreated",8,"2021-12-13","2021-12-20",0
29,"B2",18127,"CC","Untreated",8,"2021-12-13","2021-12-20",0
29,"B3",18127,"CC","Untreated",8,"2021-12-13","2021-12-20",0
30,"B1",18124,"CC","Treated",1,"2021-10-20","2021-10-27",1
30,"B2",18124,"CC","Treated",1,"2021-10-20","2021-10-27",0
30,"B3",18124,"CC","Treated",1,"2021-10-20","2021-10-27",0
30,"B1",18124,"CC","Treated",2,"2021-10-27","2021-11-04",0
30,"B2",18124,"CC","Treated",2,"2021-10-27","2021-11-04",0
30,"B3",18124,"CC","Treated",2,"2021-10-27","2021-11-04",0
30,"B1",18124,"CC","Treated",3,"2021-11-04","2021-11-09",0
30,"B2",18124,"CC","Treated",3,"2021-11-04","2021-11-09",0
30,"B3",18124,"CC","Treated",3,"2021-11-04","2021-11-09",0
30,"B1",18124,"CC","Treated",4,"2021-11-09","2021-11-16",0
30,"B2",18124,"CC","Treated",4,"2021-11-09","2021-11-16",0
30,"B3",18124,"CC","Treated",4,"2021-11-09","2021-11-16",0
30,"B1",18124,"CC","Treated",5,"2021-11-16","2021-11-29",0
30,"B2",18124,"CC","Treated",5,"2021-11-16","2021-11-29",0
30,"B3",18124,"CC","Treated",5,"2021-11-16","2021-11-29",0
30,"B1",18124,"CC","Treated",6,"2021-11-29","2021-12-07",0
30,"B2",18124,"CC","Treated",6,"2021-11-29","2021-12-07",0
30,"B3",18124,"CC","Treated",6,"2021-11-29","2021-12-07",0
30,"B1",18124,"CC","Treated",7,"2021-12-07","2021-12-13",0
30,"B2",18124,"CC","Treated",7,"2021-12-07","2021-12-13",0
30,"B3",18124,"CC","Treated",7,"2021-12-07","2021-12-13",0
30,"B1",18124,"CC","Treated",8,"2021-12-13","2021-12-20",0
30,"B2",18124,"CC","Treated",8,"2021-12-13","2021-12-20",0
30,"B3",18124,"CC","Treated",8,"2021-12-13","2021-12-20",0
