#,Date-Time (Pacific Standard Time),Ch: 1 - Temperature   (°C),Ch: 2 - RH   (%),Dew Point   (°C),Button Down,Host Connected,End of File
1,04-28-2022 00:00:00,21.32,48.85,10.14,,,
2,04-28-2022 00:05:00,21.28,48.81,10.09,,,
3,04-28-2022 00:10:00,21.21,48.75,10.01,,,
4,04-28-2022 00:15:00,21.22,48.11,9.83,,,
5,04-28-2022 00:20:00,21.20,48.39,9.89,,,
6,04-28-2022 00:25:00,21.19,48.50,9.92,,,
7,04-28-2022 00:30:00,21.19,48.67,9.97,,,
8,04-28-2022 00:35:00,21.18,48.89,10.03,,,
9,04-28-2022 00:40:00,21.15,49.11,10.07,,,
10,04-28-2022 00:45:00,21.09,49.17,10.03,,,
11,04-28-2022 00:50:00,21.08,49.31,10.07,,,
12,04-28-2022 00:55:00,21.07,49.41,10.09,,,
13,04-28-2022 01:00:00,21.04,49.51,10.09,,,
14,04-28-2022 01:05:00,21.01,49.53,10.07,,,
15,04-28-2022 01:10:00,20.99,49.61,10.07,,,
16,04-28-2022 01:15:00,20.99,49.66,10.08,,,
17,04-28-2022 01:20:00,20.96,49.74,10.09,,,
18,04-28-2022 01:25:00,20.93,49.77,10.07,,,
19,04-28-2022 01:30:00,20.91,49.84,10.07,,,
20,04-28-2022 01:35:00,20.87,49.92,10.05,,,
21,04-28-2022 01:40:00,20.87,49.90,10.05,,,
22,04-28-2022 01:45:00,20.86,49.97,10.06,,,
23,04-28-2022 01:50:00,20.85,50.03,10.07,,,
24,04-28-2022 01:55:00,20.83,50.03,10.05,,,
25,04-28-2022 02:00:00,20.78,50.14,10.04,,,
26,04-28-2022 02:05:00,20.79,50.23,10.08,,,
27,04-28-2022 02:10:00,20.74,50.25,10.03,,,
28,04-28-2022 02:15:00,20.72,50.34,10.04,,,
29,04-28-2022 02:20:00,20.73,50.39,10.07,,,
30,04-28-2022 02:25:00,20.69,50.41,10.03,,,
31,04-28-2022 02:30:00,20.71,50.44,10.06,,,
32,04-28-2022 02:35:00,20.69,50.49,10.05,,,
33,04-28-2022 02:40:00,20.65,50.49,10.02,,,
34,04-28-2022 02:45:00,20.62,50.62,10.04,,,
35,04-28-2022 02:50:00,20.61,50.63,10.03,,,
36,04-28-2022 02:55:00,20.61,50.61,10.02,,,
37,04-28-2022 03:00:00,20.59,50.60,10.00,,,
38,04-28-2022 03:05:00,20.59,50.62,10.01,,,
39,04-28-2022 03:10:00,20.57,50.64,9.99,,,
40,04-28-2022 03:15:00,20.51,50.70,9.96,,,
41,04-28-2022 03:20:00,20.51,50.75,9.98,,,
42,04-28-2022 03:25:00,20.51,50.77,9.98,,,
43,04-28-2022 03:30:00,20.49,50.79,9.97,,,
44,04-28-2022 03:35:00,20.46,50.77,9.93,,,
45,04-28-2022 03:40:00,20.46,50.78,9.93,,,
46,04-28-2022 03:45:00,20.45,50.81,9.93,,,
47,04-28-2022 03:50:00,20.44,50.88,9.94,,,
48,04-28-2022 03:55:00,20.43,50.87,9.93,,,
49,04-28-2022 04:00:00,20.37,50.92,9.90,,,
50,04-28-2022 04:05:00,20.37,50.90,9.89,,,
51,04-28-2022 04:10:00,20.36,50.94,9.89,,,
52,04-28-2022 04:15:00,20.32,50.90,9.84,,,
53,04-28-2022 04:20:00,20.32,50.92,9.85,,,
54,04-28-2022 04:25:00,20.32,50.88,9.84,,,
55,04-28-2022 04:30:00,20.29,51.01,9.84,,,
56,04-28-2022 04:35:00,20.31,50.93,9.84,,,
57,04-28-2022 04:40:00,20.29,50.99,9.84,,,
58,04-28-2022 04:45:00,20.24,50.96,9.78,,,
59,04-28-2022 04:50:00,20.22,50.91,9.75,,,
60,04-28-2022 04:55:00,20.24,50.95,9.78,,,
61,04-28-2022 05:00:00,20.21,50.92,9.75,,,
62,04-28-2022 05:05:00,20.19,50.91,9.72,,,
63,04-28-2022 05:10:00,20.19,50.92,9.73,,,
64,04-28-2022 05:15:00,20.14,50.85,9.66,,,
65,04-28-2022 05:20:00,20.15,50.84,9.66,,,
66,04-28-2022 05:25:00,20.13,50.92,9.67,,,
67,04-28-2022 05:30:00,20.09,50.96,9.64,,,
68,04-28-2022 05:35:00,20.09,50.96,9.64,,,
69,04-28-2022 05:40:00,20.07,50.93,9.62,,,
70,04-28-2022 05:45:00,20.07,50.93,9.62,,,
71,04-28-2022 05:50:00,20.03,50.92,9.58,,,
72,04-28-2022 05:55:00,20.04,50.89,9.58,,,
73,04-28-2022 06:00:00,20.01,50.88,9.55,,,
74,04-28-2022 06:05:00,20.00,50.91,9.55,,,
75,04-28-2022 06:10:00,19.98,50.96,9.54,,,
76,04-28-2022 06:15:00,19.96,50.95,9.52,,,
77,04-28-2022 06:20:00,19.96,51.04,9.55,,,
78,04-28-2022 06:25:00,19.94,50.90,9.48,,,
79,04-28-2022 06:30:00,19.88,50.91,9.44,,,
80,04-28-2022 06:35:00,19.90,50.86,9.44,,,
81,04-28-2022 06:40:00,19.88,50.82,9.41,,,
82,04-28-2022 06:45:00,19.85,50.85,9.39,,,
83,04-28-2022 06:50:00,19.86,50.87,9.41,,,
84,04-28-2022 06:55:00,19.84,50.80,9.37,,,
85,04-28-2022 07:00:00,19.81,50.92,9.37,,,
86,04-28-2022 07:05:00,19.79,51.00,9.37,,,
87,04-28-2022 07:10:00,19.76,51.00,9.35,,,
88,04-28-2022 07:15:00,19.76,50.90,9.33,,,
89,04-28-2022 07:20:00,19.73,50.90,9.30,,,
90,04-28-2022 07:25:00,19.71,50.90,9.28,,,
91,04-28-2022 07:30:00,19.72,51.01,9.32,,,
92,04-28-2022 07:35:00,19.72,50.97,9.31,,,
93,04-28-2022 07:40:00,19.69,51.02,9.29,,,
94,04-28-2022 07:45:00,19.68,51.07,9.30,,,
95,04-28-2022 07:50:00,19.66,51.09,9.28,,,
96,04-28-2022 07:55:00,19.66,51.10,9.29,,,
97,04-28-2022 08:00:00,19.60,51.16,9.25,,,
98,04-28-2022 08:05:00,19.60,51.27,9.29,,,
99,04-28-2022 08:10:00,19.60,51.23,9.27,,,
100,04-28-2022 08:15:00,19.59,51.40,9.31,,,
101,04-28-2022 08:20:00,19.57,51.51,9.32,,,
102,04-28-2022 08:25:00,19.55,51.57,9.32,,,
103,04-28-2022 08:30:00,19.55,51.65,9.35,,,
104,04-28-2022 08:35:00,19.53,51.63,9.32,,,
105,04-28-2022 08:40:00,19.52,51.65,9.32,,,
106,04-28-2022 08:45:00,19.52,51.65,9.32,,,
107,04-28-2022 08:50:00,19.51,51.68,9.32,,,
108,04-28-2022 08:55:00,19.46,51.70,9.28,,,
109,04-28-2022 09:00:00,19.48,51.72,9.31,,,
110,04-28-2022 09:05:00,19.48,51.73,9.31,,,
111,04-28-2022 09:10:00,19.46,51.80,9.31,,,
112,04-28-2022 09:15:00,19.44,51.40,9.18,,,
113,04-28-2022 09:20:00,19.43,50.73,8.97,,,
114,04-28-2022 09:25:00,19.42,50.19,8.80,,,
115,04-28-2022 09:30:00,19.44,50.83,9.01,,,
116,04-28-2022 09:35:00,19.42,50.93,9.02,,,
117,04-28-2022 09:40:00,19.43,50.95,9.04,,,
118,04-28-2022 09:45:00,19.42,50.75,8.97,,,
119,04-28-2022 09:50:00,19.39,51.19,9.07,,,
120,04-28-2022 09:55:00,19.39,51.46,9.14,,,
121,04-28-2022 10:00:00,19.42,51.66,9.23,,,
122,04-28-2022 10:05:00,19.41,51.67,9.22,,,
123,04-28-2022 10:10:00,19.46,51.99,9.36,,,
124,04-28-2022 10:15:00,19.42,51.66,9.23,,,
125,04-28-2022 10:20:00,19.42,51.42,9.16,,,
126,04-28-2022 10:25:00,19.43,51.48,9.19,,,
127,04-28-2022 10:30:00,19.44,51.68,9.26,,,
128,04-28-2022 10:35:00,19.47,51.51,9.24,,,
129,04-28-2022 10:40:00,19.46,51.53,9.23,,,
130,04-28-2022 10:45:00,19.48,51.24,9.17,,,
131,04-28-2022 10:50:00,19.45,51.18,9.12,,,
132,04-28-2022 10:55:00,19.50,51.12,9.14,,,
133,04-28-2022 11:00:00,19.50,51.06,9.13,,,
134,04-28-2022 11:05:00,19.47,50.89,9.06,,,
135,04-28-2022 11:10:00,19.52,50.78,9.06,,,
136,04-28-2022 11:15:00,19.51,50.82,9.07,,,
137,04-28-2022 11:20:00,19.52,50.69,9.04,,,
138,04-28-2022 11:25:00,19.51,50.55,8.99,,,
139,04-28-2022 11:30:00,19.52,50.53,8.99,,,
140,04-28-2022 11:35:00,19.53,50.50,8.99,,,
141,04-28-2022 11:40:00,19.52,50.43,8.96,,,
142,04-28-2022 11:45:00,19.54,50.31,8.95,,,
143,04-28-2022 11:50:00,19.55,50.15,8.91,,,
144,04-28-2022 11:55:00,19.52,50.18,8.89,,,
145,04-28-2022 12:00:00,19.55,49.89,8.83,,,
146,04-28-2022 12:05:00,19.56,50.00,8.88,,,
147,04-28-2022 12:10:00,19.57,50.02,8.89,,,
148,04-28-2022 12:15:00,19.57,49.98,8.88,,,
149,04-28-2022 12:20:00,19.57,49.97,8.88,,,
150,04-28-2022 12:25:00,19.59,49.93,8.88,,,
151,04-28-2022 12:30:00,19.58,49.70,8.80,,,
152,04-28-2022 12:35:00,19.60,49.67,8.82,,,
153,04-28-2022 12:40:00,19.61,49.82,8.87,,,
154,04-28-2022 12:45:00,19.61,49.84,8.88,,,
155,04-28-2022 12:50:00,19.63,49.98,8.94,,,
156,04-28-2022 12:55:00,19.65,50.02,8.96,,,
157,04-28-2022 13:00:00,19.65,50.13,8.99,,,
158,04-28-2022 13:05:00,19.68,50.15,9.03,,,
159,04-28-2022 13:10:00,19.66,50.20,9.02,,,
160,04-28-2022 13:15:00,19.69,50.24,9.06,,,
161,04-28-2022 13:20:00,19.70,50.31,9.09,,,
162,04-28-2022 13:25:00,19.73,50.29,9.12,,,
163,04-28-2022 13:30:00,19.71,50.32,9.11,,,
164,04-28-2022 13:35:00,19.72,50.30,9.11,,,
165,04-28-2022 13:40:00,19.77,50.20,9.13,,,
166,04-28-2022 13:45:00,19.73,50.17,9.08,,,
167,04-28-2022 13:50:00,19.76,50.19,9.12,,,
168,04-28-2022 13:55:00,19.79,50.20,9.14,,,
169,04-28-2022 14:00:00,19.75,50.16,9.10,,,
170,04-28-2022 14:05:00,19.81,50.15,9.15,,,
171,04-28-2022 14:10:00,19.80,50.09,9.12,,,
172,04-28-2022 14:15:00,19.82,50.01,9.11,,,
173,04-28-2022 14:20:00,19.83,49.99,9.12,,,
174,04-28-2022 14:25:00,19.83,49.92,9.10,,,
175,04-28-2022 14:30:00,19.86,49.99,9.15,,,
176,04-28-2022 14:35:00,19.89,49.97,9.17,,,
177,04-28-2022 14:40:00,19.91,49.93,9.18,,,
178,04-28-2022 14:45:00,19.91,49.88,9.16,,,
179,04-28-2022 14:50:00,19.92,49.83,9.16,,,
180,04-28-2022 14:55:00,19.92,49.81,9.15,,,
181,04-28-2022 15:00:00,19.92,49.77,9.14,,,
182,04-28-2022 15:05:00,19.95,49.72,9.15,,,
183,04-28-2022 15:10:00,19.97,49.64,9.14,,,
184,04-28-2022 15:15:00,19.96,49.48,9.08,,,
185,04-28-2022 15:20:00,19.96,47.62,8.52,,,
186,04-28-2022 15:25:00,19.96,46.65,8.21,,,
187,04-28-2022 15:30:00,19.96,46.26,8.09,,,
188,04-28-2022 15:35:00,19.97,46.03,8.02,,,
189,04-28-2022 15:40:00,19.96,46.69,8.23,,,
190,04-28-2022 15:45:00,19.96,47.89,8.60,,,
191,04-28-2022 15:50:00,19.96,48.11,8.67,,,
192,04-28-2022 15:55:00,19.96,48.22,8.70,,,
193,04-28-2022 16:00:00,19.98,48.31,8.75,,,
194,04-28-2022 16:05:00,19.98,48.31,8.75,,,
195,04-28-2022 16:10:00,20.01,48.36,8.79,,,
196,04-28-2022 16:15:00,20.00,48.35,8.78,,,
197,04-28-2022 16:20:00,20.04,48.34,8.82,,,
198,04-28-2022 16:25:00,20.05,48.39,8.84,,,
199,04-28-2022 16:30:00,20.03,48.37,8.82,,,
200,04-28-2022 16:35:00,20.01,48.37,8.80,,,
201,04-28-2022 16:40:00,20.05,48.34,8.83,,,
202,04-28-2022 16:45:00,20.05,47.97,8.71,,,
203,04-28-2022 16:50:00,20.06,48.23,8.80,,,
204,04-28-2022 16:55:00,20.09,48.20,8.81,,,
205,04-28-2022 17:00:00,20.07,48.19,8.80,,,
206,04-28-2022 17:05:00,20.07,48.22,8.81,,,
207,04-28-2022 17:10:00,20.10,48.20,8.82,,,
208,04-28-2022 17:15:00,20.11,48.20,8.83,,,
209,04-28-2022 17:20:00,20.14,48.15,8.85,,,
210,04-28-2022 17:25:00,20.14,48.16,8.85,,,
211,04-28-2022 17:30:00,20.13,48.01,8.80,,,
212,04-28-2022 17:35:00,20.13,48.02,8.80,,,
213,04-28-2022 17:40:00,20.14,47.32,8.59,,,
214,04-28-2022 17:45:00,20.11,45.37,7.94,,,
215,04-28-2022 17:50:00,20.10,45.87,8.09,,,
216,04-28-2022 17:55:00,20.06,45.74,8.02,,,
217,04-28-2022 18:00:00,20.10,46.76,8.37,,,
218,04-28-2022 18:05:00,20.10,47.18,8.51,,,
219,04-28-2022 18:10:00,20.12,47.30,8.57,,,
220,04-28-2022 18:15:00,20.09,47.53,8.61,,,
221,04-28-2022 18:20:00,20.11,47.62,8.66,,,
222,04-28-2022 18:25:00,20.06,47.83,8.68,,,
223,04-28-2022 18:30:00,20.10,48.12,8.80,,,
224,04-28-2022 18:35:00,20.11,48.16,8.82,,,
225,04-28-2022 18:40:00,20.09,48.27,8.84,,,
226,04-28-2022 18:45:00,20.10,48.46,8.90,,,
227,04-28-2022 18:50:00,20.12,48.60,8.97,,,
228,04-28-2022 18:55:00,20.11,48.74,9.00,,,
229,04-28-2022 19:00:00,20.13,48.87,9.06,,,
230,04-28-2022 19:05:00,20.16,48.97,9.12,,,
231,04-28-2022 19:10:00,20.15,49.03,9.13,,,
232,04-28-2022 19:15:00,20.13,49.12,9.13,,,
233,04-28-2022 19:20:00,20.15,49.19,9.17,,,
234,04-28-2022 19:25:00,20.16,49.22,9.19,,,
235,04-28-2022 19:30:00,20.18,49.24,9.22,,,
236,04-28-2022 19:35:00,20.16,49.32,9.22,,,
237,04-28-2022 19:40:00,20.20,49.34,9.27,,,
238,04-28-2022 19:45:00,20.19,49.41,9.28,,,
239,04-28-2022 19:50:00,20.20,49.45,9.30,,,
240,04-28-2022 19:55:00,20.22,49.49,9.33,,,
241,04-28-2022 20:00:00,20.22,49.53,9.35,,,
242,04-28-2022 20:05:00,20.22,49.56,9.35,,,
243,04-28-2022 20:10:00,20.25,49.50,9.36,,,
244,04-28-2022 20:15:00,20.24,48.94,9.18,,,
245,04-28-2022 20:20:00,20.22,47.99,8.88,,,
246,04-28-2022 20:25:00,20.25,48.92,9.18,,,
247,04-28-2022 20:30:00,20.26,48.90,9.18,,,
248,04-28-2022 20:35:00,20.25,47.73,8.82,,,
249,04-28-2022 20:40:00,20.24,48.03,8.90,,,
250,04-28-2022 20:45:00,20.25,48.80,9.15,,,
251,04-28-2022 20:50:00,20.26,49.04,9.23,,,
252,04-28-2022 20:55:00,20.25,49.24,9.28,,,
253,04-28-2022 21:00:00,20.28,49.37,9.35,,,
254,04-28-2022 21:05:00,20.25,49.44,9.34,,,
255,04-28-2022 21:10:00,20.26,49.54,9.38,,,
256,04-28-2022 21:15:00,20.28,49.59,9.41,,,
257,04-28-2022 21:20:00,20.25,49.67,9.41,,,
258,04-28-2022 21:25:00,20.31,49.81,9.51,,,
259,04-28-2022 21:30:00,20.32,50.22,9.64,,,
260,04-28-2022 21:35:00,20.31,50.40,9.68,,,
261,04-28-2022 21:40:00,20.40,50.14,9.68,,,
262,04-28-2022 21:45:00,20.46,50.12,9.74,,,
263,04-28-2022 21:50:00,20.60,50.06,9.85,,,
264,04-28-2022 21:55:00,20.64,50.84,10.12,,,
265,04-28-2022 22:00:00,20.74,51.03,10.27,,,
266,04-28-2022 22:05:00,20.75,51.53,10.42,,,
267,04-28-2022 22:10:00,20.81,53.57,11.06,,,
268,04-28-2022 22:15:00,20.83,54.25,11.26,,,
269,04-28-2022 22:20:00,20.85,54.58,11.38,,,
270,04-28-2022 22:25:00,20.87,54.90,11.48,,,
271,04-28-2022 22:30:00,20.88,55.20,11.58,,,
272,04-28-2022 22:35:00,20.87,55.19,11.56,,,
273,04-28-2022 22:40:00,20.89,55.48,11.66,,,
274,04-28-2022 22:45:00,20.93,55.85,11.80,,,
275,04-28-2022 22:50:00,20.93,55.90,11.82,,,
276,04-28-2022 22:55:00,20.89,55.31,11.62,,,
277,04-28-2022 23:00:00,20.92,55.63,11.73,,,
278,04-28-2022 23:05:00,20.91,55.90,11.80,,,
279,04-28-2022 23:10:00,20.93,55.18,11.62,,,
280,04-28-2022 23:15:00,20.94,55.35,11.68,,,
281,04-28-2022 23:20:00,20.94,55.71,11.78,,,
282,04-28-2022 23:25:00,20.93,55.59,11.73,,,
283,04-28-2022 23:30:00,20.93,55.67,11.75,,,
284,04-28-2022 23:35:00,20.95,55.35,11.69,,,
285,04-28-2022 23:40:00,20.93,55.80,11.79,,,
286,04-28-2022 23:45:00,20.94,55.69,11.77,,,
287,04-28-2022 23:50:00,20.94,55.68,11.77,,,
288,04-28-2022 23:55:00,20.94,55.30,11.66,,,
289,04-29-2022 00:00:00,20.91,54.40,11.39,,,
290,04-29-2022 00:05:00,20.91,54.87,11.52,,,
291,04-29-2022 00:10:00,20.91,55.09,11.58,,,
292,04-29-2022 00:15:00,20.91,55.17,11.60,,,
293,04-29-2022 00:20:00,20.89,55.29,11.61,,,
294,04-29-2022 00:25:00,20.93,54.99,11.57,,,
295,04-29-2022 00:30:00,20.87,54.90,11.48,,,
296,04-29-2022 00:35:00,20.85,55.17,11.54,,,
297,04-29-2022 00:40:00,20.87,55.09,11.54,,,
298,04-29-2022 00:45:00,20.85,55.37,11.59,,,
299,04-29-2022 00:50:00,20.85,55.29,11.57,,,
300,04-29-2022 00:55:00,20.83,55.20,11.53,,,
301,04-29-2022 01:00:00,20.81,55.52,11.60,,,
302,04-29-2022 01:05:00,20.83,55.42,11.59,,,
303,04-29-2022 01:10:00,20.81,55.37,11.56,,,
304,04-29-2022 01:15:00,20.79,55.70,11.63,,,
305,04-29-2022 01:20:00,20.77,55.80,11.64,,,
306,04-29-2022 01:25:00,20.75,56.02,11.68,,,
307,04-29-2022 01:30:00,20.78,55.88,11.67,,,
308,04-29-2022 01:35:00,20.74,55.80,11.61,,,
309,04-29-2022 01:40:00,20.72,56.19,11.70,,,
310,04-29-2022 01:45:00,20.71,56.34,11.72,,,
311,04-29-2022 01:50:00,20.72,56.18,11.69,,,
312,04-29-2022 01:55:00,20.73,56.37,11.75,,,
313,04-29-2022 02:00:00,20.69,56.15,11.65,,,
314,04-29-2022 02:05:00,20.69,56.04,11.63,,,
315,04-29-2022 02:10:00,20.65,56.18,11.63,,,
316,04-29-2022 02:15:00,20.69,56.23,11.68,,,
317,04-29-2022 02:20:00,20.65,56.30,11.67,,,
318,04-29-2022 02:25:00,20.64,56.30,11.65,,,
319,04-29-2022 02:30:00,20.61,56.29,11.62,,,
320,04-29-2022 02:35:00,20.63,56.28,11.64,,,
321,04-29-2022 02:40:00,20.58,56.29,11.59,,,
322,04-29-2022 02:45:00,20.59,56.28,11.60,,,
323,04-29-2022 02:50:00,20.58,56.49,11.65,,,
324,04-29-2022 02:55:00,20.57,56.45,11.62,,,
325,04-29-2022 03:00:00,20.57,56.36,11.60,,,
326,04-29-2022 03:05:00,20.55,56.38,11.59,,,
327,04-29-2022 03:10:00,20.50,56.43,11.56,,,
328,04-29-2022 03:15:00,20.50,56.29,11.52,,,
329,04-29-2022 03:20:00,20.51,56.45,11.57,,,
330,04-29-2022 03:25:00,20.48,56.43,11.54,,,
331,04-29-2022 03:30:00,20.48,56.49,11.56,,,
332,04-29-2022 03:35:00,20.48,56.52,11.56,,,
333,04-29-2022 03:40:00,20.45,56.48,11.52,,,
334,04-29-2022 03:45:00,20.43,56.27,11.45,,,
335,04-29-2022 03:50:00,20.44,56.02,11.39,,,
336,04-29-2022 03:55:00,20.39,56.16,11.38,,,
337,04-29-2022 04:00:00,20.40,55.89,11.31,,,
338,04-29-2022 04:05:00,20.36,56.06,11.33,,,
339,04-29-2022 04:10:00,20.39,56.12,11.37,,,
340,04-29-2022 04:15:00,20.37,56.16,11.37,,,
341,04-29-2022 04:20:00,20.32,56.25,11.34,,,
342,04-29-2022 04:25:00,20.32,55.96,11.26,,,
343,04-29-2022 04:30:00,20.33,55.94,11.27,,,
344,04-29-2022 04:35:00,20.28,55.92,11.21,,,
345,04-29-2022 04:40:00,20.28,56.24,11.30,,,
346,04-29-2022 04:45:00,20.28,56.18,11.28,,,
347,04-29-2022 04:50:00,20.26,56.13,11.25,,,
348,04-29-2022 04:55:00,20.22,56.49,11.31,,,
349,04-29-2022 05:00:00,20.21,56.47,11.30,,,
350,04-29-2022 05:05:00,20.21,56.65,11.35,,,
351,04-29-2022 05:10:00,20.18,55.93,11.13,,,
352,04-29-2022 05:15:00,20.16,56.13,11.16,,,
353,04-29-2022 05:20:00,20.14,56.49,11.24,,,
354,04-29-2022 05:25:00,20.15,56.86,11.35,,,
355,04-29-2022 05:30:00,20.14,57.10,11.40,,,
356,04-29-2022 05:35:00,20.14,57.04,11.38,,,
357,04-29-2022 05:40:00,20.13,57.09,11.39,,,
358,04-29-2022 05:45:00,20.07,57.12,11.34,,,
359,04-29-2022 05:50:00,20.06,57.20,11.35,,,
360,04-29-2022 05:55:00,20.05,57.35,11.38,,,
361,04-29-2022 06:00:00,20.05,57.37,11.39,,,
362,04-29-2022 06:05:00,20.01,57.46,11.37,,,
363,04-29-2022 06:10:00,20.02,57.47,11.38,,,
364,04-29-2022 06:15:00,20.01,57.50,11.38,,,
365,04-29-2022 06:20:00,19.98,57.57,11.37,,,
366,04-29-2022 06:25:00,19.98,57.56,11.37,,,
367,04-29-2022 06:30:00,19.96,57.42,11.31,,,
368,04-29-2022 06:35:00,19.96,57.17,11.25,,,
369,04-29-2022 06:40:00,19.92,56.55,11.05,,,
370,04-29-2022 06:45:00,19.89,57.38,11.24,,,
371,04-29-2022 06:50:00,19.89,56.81,11.09,,,
372,04-29-2022 06:55:00,19.86,57.22,11.17,,,
373,04-29-2022 07:00:00,19.85,57.34,11.19,,,
374,04-29-2022 07:05:00,19.84,57.16,11.13,,,
375,04-29-2022 07:10:00,19.83,57.56,11.23,,,
376,04-29-2022 07:15:00,19.83,57.30,11.16,,,
377,04-29-2022 07:20:00,19.83,57.60,11.24,,,
378,04-29-2022 07:25:00,19.83,57.99,11.34,,,
379,04-29-2022 07:30:00,19.79,58.09,11.33,,,
380,04-29-2022 07:35:00,19.79,58.23,11.36,,,
381,04-29-2022 07:40:00,19.76,58.25,11.35,,,
382,04-29-2022 07:45:00,19.74,58.33,11.35,,,
383,04-29-2022 07:50:00,19.74,58.41,11.37,,,
384,04-29-2022 07:55:00,19.72,58.48,11.37,,,
385,04-29-2022 08:00:00,19.70,58.58,11.37,,,
386,04-29-2022 08:05:00,19.73,58.63,11.42,,,
387,04-29-2022 08:10:00,19.71,58.72,11.42,,,
388,04-29-2022 08:15:00,19.66,58.62,11.34,,,
389,04-29-2022 08:20:00,19.68,58.68,11.38,,,
390,04-29-2022 08:25:00,19.66,58.81,11.39,,,
391,04-29-2022 08:30:00,19.67,58.91,11.43,,,
392,04-29-2022 08:35:00,19.66,58.56,11.33,,,
393,04-29-2022 08:40:00,19.65,58.40,11.28,,,
394,04-29-2022 08:45:00,19.61,58.19,11.19,,,
395,04-29-2022 08:50:00,19.61,58.14,11.18,,,
396,04-29-2022 08:55:00,19.60,58.35,11.22,,,
397,04-29-2022 09:00:00,19.57,58.53,11.24,,,
398,04-29-2022 09:05:00,19.57,58.54,11.24,,,
399,04-29-2022 09:10:00,19.57,58.37,11.20,,,
400,04-29-2022 09:15:00,19.58,57.05,10.86,,,
401,04-29-2022 09:20:00,19.56,55.37,10.39,,,
402,04-29-2022 09:25:00,19.51,54.19,10.02,,,
403,04-29-2022 09:30:00,19.46,53.82,9.88,,,
404,04-29-2022 09:35:00,19.50,53.85,9.92,,,
405,04-29-2022 09:40:00,19.45,54.79,10.14,,,
406,04-29-2022 09:45:00,19.48,55.33,10.31,,,
407,04-29-2022 09:50:00,19.45,55.42,10.31,,,
408,04-29-2022 09:55:00,19.45,55.52,10.34,,,
409,04-29-2022 10:00:00,19.45,55.40,10.30,,,
410,04-29-2022 10:05:00,19.41,55.46,10.28,,,
411,04-29-2022 10:10:00,19.45,55.36,10.29,,,
412,04-29-2022 10:15:00,19.45,55.02,10.20,,,
413,04-29-2022 10:20:00,19.41,55.26,10.22,,,
414,04-29-2022 10:25:00,19.44,55.02,10.19,,,
415,04-29-2022 10:30:00,19.44,54.53,10.06,,,
416,04-29-2022 10:35:00,19.42,54.69,10.08,,,
417,04-29-2022 10:40:00,19.42,55.09,10.19,,,
418,04-29-2022 10:45:00,19.41,54.93,10.14,,,
419,04-29-2022 10:50:00,19.43,54.69,10.09,,,
420,04-29-2022 10:55:00,19.47,55.01,10.22,,,
421,04-29-2022 11:00:00,19.48,54.96,10.21,,,
422,04-29-2022 11:05:00,19.50,54.71,10.15,,,
423,04-29-2022 11:10:00,19.51,54.86,10.21,,,
424,04-29-2022 11:15:00,19.48,54.79,10.17,,,
425,04-29-2022 11:20:00,19.50,54.59,10.12,,,
426,04-29-2022 11:25:00,19.52,54.70,10.17,,,
427,04-29-2022 11:30:00,19.53,54.66,10.17,,,
428,04-29-2022 11:35:00,19.53,54.59,10.15,,,
429,04-29-2022 11:40:00,19.56,54.37,10.12,,,
430,04-29-2022 11:45:00,19.56,53.42,9.86,,,
431,04-29-2022 11:50:00,19.59,53.50,9.91,,,
432,04-29-2022 11:55:00,19.60,53.59,9.94,,,
433,04-29-2022 12:00:00,19.61,52.42,9.63,,,
434,04-29-2022 12:05:00,19.62,52.05,9.53,,,
435,04-29-2022 12:10:00,19.63,51.80,9.47,,,
436,04-29-2022 12:15:00,19.63,52.37,9.63,,,
437,04-29-2022 12:20:00,19.68,52.74,9.78,,,
438,04-29-2022 12:25:00,19.69,51.49,9.43,,,
439,04-29-2022 12:30:00,19.70,50.85,9.25,,,
440,04-29-2022 12:35:00,19.74,49.72,8.96,,,
441,04-29-2022 12:40:00,19.70,47.99,8.40,,,
442,04-29-2022 12:45:00,19.70,46.79,8.02,,,
443,04-29-2022 12:50:00,19.69,47.51,8.24,,,
444,04-29-2022 12:55:00,19.72,48.63,8.61,,,
445,04-29-2022 13:00:00,19.72,47.27,8.19,,,
446,04-29-2022 13:05:00,19.71,46.49,7.94,,,
447,04-29-2022 13:10:00,19.68,44.89,7.39,,,
448,04-29-2022 13:15:00,19.69,46.11,7.80,,,
449,04-29-2022 13:20:00,19.71,45.90,7.75,,,
450,04-29-2022 13:25:00,19.72,45.27,7.56,,,
451,04-29-2022 13:30:00,19.70,44.03,7.13,,,
452,04-29-2022 13:35:00,19.72,45.39,7.60,,,
453,04-29-2022 13:40:00,19.72,46.55,7.97,,,
454,04-29-2022 13:45:00,19.74,46.39,7.93,,,
455,04-29-2022 13:50:00,19.76,47.11,8.18,,,
456,04-29-2022 13:55:00,19.75,46.44,7.96,,,
457,04-29-2022 14:00:00,19.76,46.83,8.09,,,
458,04-29-2022 14:05:00,19.77,47.33,8.26,,,
459,04-29-2022 14:10:00,19.80,47.32,8.28,,,
460,04-29-2022 14:15:00,19.81,46.84,8.14,,,
461,04-29-2022 14:20:00,19.79,46.14,7.90,,,
462,04-29-2022 14:25:00,19.80,45.94,7.84,,,
463,04-29-2022 14:30:00,19.81,46.18,7.93,,,
464,04-29-2022 14:35:00,19.80,45.54,7.71,,,
465,04-29-2022 14:40:00,19.81,45.34,7.66,,,
466,04-29-2022 14:45:00,19.80,45.52,7.71,,,
467,04-29-2022 14:50:00,19.76,45.67,7.73,,,
468,04-29-2022 14:55:00,19.77,46.03,7.85,,,
469,04-29-2022 15:00:00,19.79,46.48,8.00,,,
470,04-29-2022 15:05:00,19.80,46.84,8.13,,,
471,04-29-2022 15:10:00,19.81,47.25,8.26,,,
472,04-29-2022 15:15:00,19.81,47.45,8.33,,,
473,04-29-2022 15:20:00,19.81,47.56,8.36,,,
474,04-29-2022 15:25:00,19.84,47.83,8.47,,,
475,04-29-2022 15:30:00,19.83,48.09,8.55,,,
476,04-29-2022 15:35:00,19.87,48.14,8.60,,,
477,04-29-2022 15:40:00,19.85,48.33,8.64,,,
478,04-29-2022 15:45:00,19.85,48.33,8.64,,,
479,04-29-2022 15:50:00,19.84,48.58,8.70,,,
480,04-29-2022 15:55:00,19.85,48.68,8.74,,,
481,04-29-2022 16:00:00,19.88,48.74,8.79,,,
482,04-29-2022 16:05:00,19.88,48.80,8.81,,,
483,04-29-2022 16:10:00,19.87,48.93,8.84,,,
484,04-29-2022 16:15:00,19.90,49.01,8.89,,,
485,04-29-2022 16:20:00,19.88,49.15,8.92,,,
486,04-29-2022 16:25:00,19.89,49.28,8.96,,,
487,04-29-2022 16:30:00,19.90,49.36,9.00,,,
488,04-29-2022 16:35:00,19.92,49.47,9.05,,,
489,04-29-2022 16:40:00,19.91,49.52,9.06,,,
490,04-29-2022 16:45:00,19.91,49.55,9.07,,,
491,04-29-2022 16:50:00,19.90,49.63,9.08,,,
492,04-29-2022 16:55:00,19.92,49.50,9.06,,,
493,04-29-2022 17:00:00,19.94,49.60,9.10,,,
494,04-29-2022 17:05:00,19.95,49.62,9.12,,,
495,04-29-2022 17:10:00,19.92,49.54,9.07,,,
496,04-29-2022 17:15:00,19.92,49.55,9.08,,,
497,04-29-2022 17:20:00,19.95,49.60,9.11,,,
498,04-29-2022 17:25:00,19.94,49.60,9.10,,,
499,04-29-2022 17:30:00,19.94,49.63,9.11,,,
500,04-29-2022 17:35:00,19.95,49.57,9.10,,,
501,04-29-2022 17:40:00,19.92,49.61,9.09,,,
502,04-29-2022 17:45:00,19.97,49.62,9.14,,,
503,04-29-2022 17:50:00,19.95,49.64,9.12,,,
504,04-29-2022 17:55:00,19.95,49.64,9.12,,,
505,04-29-2022 18:00:00,19.92,49.64,9.10,,,
506,04-29-2022 18:05:00,19.98,49.65,9.15,,,
507,04-29-2022 18:10:00,19.92,50.70,9.42,,,
508,04-29-2022 18:15:00,19.92,51.11,9.54,,,
509,04-29-2022 18:20:00,19.95,51.43,9.65,,,
510,04-29-2022 18:25:00,19.94,52.13,9.84,,,
511,04-29-2022 18:30:00,19.92,51.73,9.72,,,
512,04-29-2022 18:35:00,19.95,51.59,9.69,,,
513,04-29-2022 18:40:00,19.96,51.60,9.71,,,
514,04-29-2022 18:45:00,19.94,51.71,9.72,,,
515,04-29-2022 18:50:00,19.96,51.79,9.76,,,
516,04-29-2022 18:55:00,19.98,51.88,9.81,,,
517,04-29-2022 19:00:00,19.97,51.89,9.80,,,
518,04-29-2022 19:05:00,19.97,51.83,9.79,,,
519,04-29-2022 19:10:00,19.98,51.82,9.79,,,
520,04-29-2022 19:15:00,20.01,51.88,9.84,,,
521,04-29-2022 19:20:00,20.01,51.89,9.84,,,
522,04-29-2022 19:25:00,20.00,51.88,9.83,,,
523,04-29-2022 19:30:00,20.01,52.01,9.88,,,
524,04-29-2022 19:35:00,20.03,51.55,9.76,,,
525,04-29-2022 19:40:00,20.05,51.65,9.81,,,
526,04-29-2022 19:45:00,20.05,51.84,9.87,,,
527,04-29-2022 19:50:00,20.05,51.99,9.91,,,
528,04-29-2022 19:55:00,20.06,52.14,9.96,,,
529,04-29-2022 20:00:00,20.09,52.04,9.95,,,
530,04-29-2022 20:05:00,20.09,52.06,9.96,,,
531,04-29-2022 20:10:00,20.11,52.12,10.00,,,
532,04-29-2022 20:15:00,20.13,52.12,10.02,,,
533,04-29-2022 20:20:00,20.13,52.14,10.02,,,
534,04-29-2022 20:25:00,20.14,52.16,10.04,,,
535,04-29-2022 20:30:00,20.16,52.11,10.04,,,
536,04-29-2022 20:35:00,20.15,52.46,10.13,,,
537,04-29-2022 20:40:00,20.18,52.21,10.09,,,
538,04-29-2022 20:45:00,20.20,52.76,10.27,,,
539,04-29-2022 20:50:00,20.20,52.51,10.20,,,
540,04-29-2022 20:55:00,20.21,52.63,10.24,,,
541,04-29-2022 21:00:00,20.22,52.53,10.22,,,
542,04-29-2022 21:05:00,20.25,52.59,10.26,,,
543,04-29-2022 21:10:00,20.22,52.49,10.21,,,
544,04-29-2022 21:15:00,20.28,52.42,10.24,,,
545,04-29-2022 21:20:00,20.31,52.39,10.26,,,
546,04-29-2022 21:25:00,20.26,52.42,10.22,,,
547,04-29-2022 21:30:00,20.27,52.34,10.21,,,
548,04-29-2022 21:35:00,20.28,52.37,10.23,,,
549,04-29-2022 21:40:00,20.32,52.31,10.25,,,
550,04-29-2022 21:45:00,20.29,52.25,10.20,,,
551,04-29-2022 21:50:00,20.30,52.31,10.23,,,
552,04-29-2022 21:55:00,20.34,52.19,10.24,,,
553,04-29-2022 22:00:00,20.35,52.54,10.34,,,
554,04-29-2022 22:05:00,20.37,52.76,10.43,,,
555,04-29-2022 22:10:00,20.50,53.10,10.64,,,
556,04-29-2022 22:15:00,20.55,53.12,10.69,,,
557,04-29-2022 22:20:00,20.58,54.14,11.00,,,
558,04-29-2022 22:25:00,20.64,54.66,11.21,,,
559,04-29-2022 22:30:00,20.64,55.05,11.32,,,
560,04-29-2022 22:35:00,20.66,55.21,11.38,,,
561,04-29-2022 22:40:00,20.69,55.19,11.39,,,
562,04-29-2022 22:45:00,20.69,55.74,11.54,,,
563,04-29-2022 22:50:00,20.72,55.77,11.58,,,
564,04-29-2022 22:55:00,20.73,55.35,11.48,,,
565,04-29-2022 23:00:00,20.76,55.63,11.58,,,
566,04-29-2022 23:05:00,20.74,55.70,11.58,,,
567,04-29-2022 23:10:00,20.80,56.22,11.78,,,
568,04-29-2022 23:15:00,20.80,56.39,11.83,,,
569,04-29-2022 23:20:00,20.80,56.15,11.76,,,
570,04-29-2022 23:25:00,20.79,56.18,11.76,,,
571,04-29-2022 23:30:00,20.80,56.44,11.84,,,
572,04-29-2022 23:35:00,20.80,56.50,11.86,,,
573,04-29-2022 23:40:00,20.83,56.53,11.89,,,
574,04-29-2022 23:45:00,20.83,56.54,11.89,,,
575,04-29-2022 23:50:00,20.84,56.65,11.93,,,
576,04-29-2022 23:55:00,20.86,56.57,11.93,,,
577,04-30-2022 00:00:00,20.87,56.67,11.97,,,
578,04-30-2022 00:05:00,20.86,56.73,11.97,,,
579,04-30-2022 00:10:00,20.87,56.91,12.03,,,
580,04-30-2022 00:15:00,20.89,56.95,12.06,,,
581,04-30-2022 00:20:00,20.90,57.05,12.10,,,
582,04-30-2022 00:25:00,20.86,57.12,12.08,,,
583,04-30-2022 00:30:00,20.87,56.39,11.89,,,
584,04-30-2022 00:35:00,20.88,56.68,11.98,,,
585,04-30-2022 00:40:00,20.88,56.88,12.03,,,
586,04-30-2022 00:45:00,20.87,57.16,12.10,,,
587,04-30-2022 00:50:00,20.86,57.60,12.20,,,
588,04-30-2022 00:55:00,20.87,57.80,12.27,,,
589,04-30-2022 01:00:00,20.87,57.85,12.28,,,
590,04-30-2022 01:05:00,20.84,58.03,12.30,,,
591,04-30-2022 01:10:00,20.83,58.04,12.29,,,
592,04-30-2022 01:15:00,20.84,58.08,12.31,,,
593,04-30-2022 01:20:00,20.83,58.30,12.36,,,
594,04-30-2022 01:25:00,20.81,58.33,12.35,,,
595,04-30-2022 01:30:00,20.78,58.27,12.31,,,
596,04-30-2022 01:35:00,20.76,58.34,12.31,,,
597,04-30-2022 01:40:00,20.79,58.53,12.38,,,
598,04-30-2022 01:45:00,20.81,58.58,12.42,,,
599,04-30-2022 01:50:00,20.76,58.77,12.42,,,
600,04-30-2022 01:55:00,20.77,58.75,12.42,,,
601,04-30-2022 02:00:00,20.75,58.84,12.43,,,
602,04-30-2022 02:05:00,20.73,58.85,12.41,,,
603,04-30-2022 02:10:00,20.72,58.91,12.41,,,
604,04-30-2022 02:15:00,20.71,59.02,12.43,,,
605,04-30-2022 02:20:00,20.69,59.05,12.42,,,
606,04-30-2022 02:25:00,20.68,58.97,12.39,,,
607,04-30-2022 02:30:00,20.69,59.10,12.43,,,
608,04-30-2022 02:35:00,20.65,59.33,12.46,,,
609,04-30-2022 02:40:00,20.62,59.39,12.45,,,
610,04-30-2022 02:45:00,20.63,59.43,12.47,,,
611,04-30-2022 02:50:00,20.62,59.50,12.48,,,
612,04-30-2022 02:55:00,20.60,59.54,12.46,,,
613,04-30-2022 03:00:00,20.58,59.59,12.46,,,
614,04-30-2022 03:05:00,20.59,59.69,12.49,,,
615,04-30-2022 03:10:00,20.58,59.81,12.51,,,
616,04-30-2022 03:15:00,20.58,59.78,12.51,,,
617,04-30-2022 03:20:00,20.54,59.52,12.40,,,
618,04-30-2022 03:25:00,20.53,59.41,12.36,,,
619,04-30-2022 03:30:00,20.50,59.26,12.30,,,
620,04-30-2022 03:35:00,20.51,59.03,12.25,,,
621,04-30-2022 03:40:00,20.50,58.93,12.22,,,
622,04-30-2022 03:45:00,20.47,58.69,12.13,,,
623,04-30-2022 03:50:00,20.48,58.66,12.13,,,
624,04-30-2022 03:55:00,20.49,58.57,12.12,,,
625,04-30-2022 04:00:00,20.46,58.55,12.08,,,
626,04-30-2022 04:05:00,20.46,58.35,12.03,,,
627,04-30-2022 04:10:00,20.43,58.32,11.99,,,
628,04-30-2022 04:15:00,20.43,58.28,11.98,,,
629,04-30-2022 04:20:00,20.40,58.21,11.93,,,
630,04-30-2022 04:25:00,20.40,58.12,11.91,,,
631,04-30-2022 04:30:00,20.37,58.00,11.86,,,
632,04-30-2022 04:35:00,20.40,57.97,11.87,,,
633,04-30-2022 04:40:00,20.35,58.02,11.84,,,
634,04-30-2022 04:45:00,20.35,57.89,11.81,,,
635,04-30-2022 04:50:00,20.33,57.92,11.79,,,
636,04-30-2022 04:55:00,20.31,57.84,11.75,,,
637,04-30-2022 05:00:00,20.33,57.73,11.75,,,
638,04-30-2022 05:05:00,20.31,57.72,11.72,,,
639,04-30-2022 05:10:00,20.32,57.65,11.71,,,
640,04-30-2022 05:15:00,20.28,57.66,11.68,,,
641,04-30-2022 05:20:00,20.27,57.55,11.64,,,
642,04-30-2022 05:25:00,20.25,57.49,11.60,,,
643,04-30-2022 05:30:00,20.26,57.42,11.59,,,
644,04-30-2022 05:35:00,20.20,57.42,11.54,,,
645,04-30-2022 05:40:00,20.22,57.38,11.55,,,
646,04-30-2022 05:45:00,20.21,57.31,11.52,,,
647,04-30-2022 05:50:00,20.19,57.23,11.48,,,
648,04-30-2022 05:55:00,20.16,57.21,11.45,,,
649,04-30-2022 06:00:00,20.16,57.12,11.42,,,
650,04-30-2022 06:05:00,20.20,57.14,11.47,,,
651,04-30-2022 06:10:00,20.15,57.02,11.39,,,
652,04-30-2022 06:15:00,20.14,57.01,11.37,,,
653,04-30-2022 06:20:00,20.14,56.99,11.37,,,
654,04-30-2022 06:25:00,20.12,56.94,11.34,,,
655,04-30-2022 06:30:00,20.10,56.88,11.30,,,
656,04-30-2022 06:35:00,20.10,56.94,11.31,,,
657,04-30-2022 06:40:00,20.07,56.87,11.28,,,
658,04-30-2022 06:45:00,20.03,56.86,11.24,,,
659,04-30-2022 06:50:00,20.05,56.76,11.23,,,
660,04-30-2022 06:55:00,20.05,56.75,11.22,,,
661,04-30-2022 07:00:00,20.00,56.80,11.19,,,
662,04-30-2022 07:05:00,20.02,56.76,11.20,,,
663,04-30-2022 07:10:00,20.01,56.82,11.20,,,
664,04-30-2022 07:15:00,19.95,56.74,11.12,,,
665,04-30-2022 07:20:00,19.96,56.76,11.14,,,
666,04-30-2022 07:25:00,19.97,56.81,11.16,,,
667,04-30-2022 07:30:00,19.96,56.74,11.13,,,
668,04-30-2022 07:35:00,19.96,56.78,11.14,,,
669,04-30-2022 07:40:00,19.94,56.70,11.10,,,
670,04-30-2022 07:45:00,19.90,56.72,11.08,,,
671,04-30-2022 07:50:00,19.90,56.70,11.07,,,
672,04-30-2022 07:55:00,19.89,56.77,11.08,,,
673,04-30-2022 08:00:00,19.86,56.80,11.06,,,
674,04-30-2022 08:05:00,19.89,56.78,11.08,,,
675,04-30-2022 08:10:00,19.85,56.78,11.04,,,
676,04-30-2022 08:15:00,19.84,56.79,11.03,,,
677,04-30-2022 08:20:00,19.84,56.78,11.03,,,
678,04-30-2022 08:25:00,19.83,56.73,11.01,,,
679,04-30-2022 08:30:00,19.82,56.81,11.02,,,
680,04-30-2022 08:35:00,19.84,56.80,11.04,,,
681,04-30-2022 08:40:00,19.81,56.86,11.02,,,
682,04-30-2022 08:45:00,19.76,56.94,11.01,,,
683,04-30-2022 08:50:00,19.80,56.97,11.04,,,
684,04-30-2022 08:55:00,19.77,56.96,11.02,,,
685,04-30-2022 09:00:00,19.77,57.05,11.04,,,
686,04-30-2022 09:05:00,19.79,57.09,11.06,,,
687,04-30-2022 09:10:00,19.77,57.15,11.07,,,
688,04-30-2022 09:15:00,19.80,57.26,11.12,,,
689,04-30-2022 09:20:00,19.76,57.11,11.05,,,
690,04-30-2022 09:25:00,19.75,57.21,11.07,,,
691,04-30-2022 09:30:00,19.74,57.27,11.07,,,
692,04-30-2022 09:35:00,19.75,57.30,11.09,,,
693,04-30-2022 09:40:00,19.72,57.30,11.06,,,
694,04-30-2022 09:45:00,19.73,57.24,11.05,,,
695,04-30-2022 09:50:00,19.72,57.22,11.04,,,
696,04-30-2022 09:55:00,19.73,57.43,11.10,,,
697,04-30-2022 10:00:00,19.70,56.67,10.87,,,
698,04-30-2022 10:05:00,19.70,55.26,10.50,,,
699,04-30-2022 10:10:00,19.71,54.42,10.27,,,
700,04-30-2022 10:15:00,19.70,54.28,10.23,,,
701,04-30-2022 10:20:00,19.68,54.08,10.15,,,
702,04-30-2022 10:25:00,19.69,54.39,10.25,,,
703,04-30-2022 10:30:00,19.67,54.05,10.13,,,
704,04-30-2022 10:35:00,19.66,53.71,10.03,,,
705,04-30-2022 10:40:00,19.65,53.89,10.07,,,
706,04-30-2022 10:45:00,19.65,54.27,10.17,,,
707,04-30-2022 10:50:00,19.65,54.39,10.21,,,
708,04-30-2022 10:55:00,19.65,54.29,10.18,,,
709,04-30-2022 11:00:00,19.62,53.51,9.94,,,
710,04-30-2022 11:05:00,19.65,53.49,9.96,,,
711,04-30-2022 11:10:00,19.62,53.49,9.94,,,
712,04-30-2022 11:15:00,19.61,53.02,9.80,,,
713,04-30-2022 11:20:00,19.60,52.35,9.60,,,
714,04-30-2022 11:25:00,19.60,52.25,9.57,,,
715,04-30-2022 11:30:00,19.59,52.39,9.60,,,
716,04-30-2022 11:35:00,19.56,52.55,9.61,,,
717,04-30-2022 11:40:00,19.60,52.49,9.64,,,
718,04-30-2022 11:45:00,19.59,52.07,9.51,,,
719,04-30-2022 11:50:00,19.57,51.85,9.42,,,
720,04-30-2022 11:55:00,19.58,51.73,9.40,,,
721,04-30-2022 12:00:00,19.56,51.59,9.34,,,
722,04-30-2022 12:05:00,19.57,51.09,9.20,,,
723,04-30-2022 12:10:00,19.52,51.28,9.21,,,
724,04-30-2022 12:15:00,19.53,51.01,9.14,,,
725,04-30-2022 12:20:00,19.52,51.12,9.16,,,
726,04-30-2022 12:25:00,19.51,50.99,9.11,,,
727,04-30-2022 12:30:00,19.46,50.70,8.99,,,
728,04-30-2022 12:35:00,19.50,51.01,9.11,,,
729,04-30-2022 12:40:00,19.48,51.23,9.17,,,
730,04-30-2022 12:45:00,19.47,51.40,9.20,,,
731,04-30-2022 12:50:00,19.47,51.38,9.20,,,
732,04-30-2022 12:55:00,19.47,51.23,9.16,,,
733,04-30-2022 13:00:00,19.45,51.31,9.16,,,
734,04-30-2022 13:05:00,19.48,51.24,9.17,,,
735,04-30-2022 13:10:00,19.44,50.61,8.95,,,
736,04-30-2022 13:15:00,19.42,50.89,9.01,,,
737,04-30-2022 13:20:00,19.39,51.00,9.01,,,
738,04-30-2022 13:25:00,19.40,50.81,8.97,,,
739,04-30-2022 13:30:00,19.38,50.52,8.86,,,
740,04-30-2022 13:35:00,19.39,50.11,8.75,,,
741,04-30-2022 13:40:00,19.36,49.49,8.53,,,
742,04-30-2022 13:45:00,19.31,49.65,8.54,,,
743,04-30-2022 13:50:00,19.30,49.41,8.46,,,
744,04-30-2022 13:55:00,19.28,50.27,8.70,,,
745,04-30-2022 14:00:00,19.33,51.00,8.96,,,
746,04-30-2022 14:05:00,19.31,50.68,8.85,,,
747,04-30-2022 14:10:00,19.29,49.53,8.49,,,
748,04-30-2022 14:15:00,19.24,50.01,8.58,,,
749,04-30-2022 14:20:00,19.25,50.52,8.74,,,
750,04-30-2022 14:25:00,19.23,50.70,8.77,,,
751,04-30-2022 14:30:00,19.23,51.13,8.90,,,
752,04-30-2022 14:35:00,19.24,50.89,8.84,,,
753,04-30-2022 14:40:00,19.24,51.51,9.02,,,
754,04-30-2022 14:45:00,19.24,51.75,9.09,,,
755,04-30-2022 14:50:00,19.28,51.76,9.13,,,
756,04-30-2022 14:55:00,19.24,51.73,9.08,,,
757,04-30-2022 15:00:00,19.28,51.87,9.16,,,
758,04-30-2022 15:05:00,19.30,52.00,9.22,,,
759,04-30-2022 15:10:00,19.37,52.13,9.32,,,
760,04-30-2022 15:15:00,19.39,52.50,9.44,,,
761,04-30-2022 15:20:00,19.38,52.81,9.52,,,
762,04-30-2022 15:25:00,19.42,53.16,9.66,,,
763,04-30-2022 15:30:00,19.46,53.42,9.77,,,
764,04-30-2022 15:35:00,19.45,54.20,9.98,,,
765,04-30-2022 15:40:00,19.48,53.94,9.93,,,
766,04-30-2022 15:45:00,19.53,53.81,9.94,,,
767,04-30-2022 15:50:00,19.56,53.94,10.00,,,
768,04-30-2022 15:55:00,19.57,53.83,9.98,,,
769,04-30-2022 16:00:00,19.58,54.13,10.08,,,
770,04-30-2022 16:05:00,19.66,54.19,10.16,,,
771,04-30-2022 16:10:00,19.66,54.56,10.26,,,
772,04-30-2022 16:15:00,19.69,54.65,10.32,,,
773,04-30-2022 16:20:00,19.70,54.56,10.30,,,
774,04-30-2022 16:25:00,19.71,54.63,10.33,,,
775,04-30-2022 16:30:00,19.75,54.36,10.30,,,
776,04-30-2022 16:35:00,19.74,54.09,10.21,,,
777,04-30-2022 16:40:00,19.76,54.05,10.22,,,
778,04-30-2022 16:45:00,19.80,54.07,10.26,,,
779,04-30-2022 16:50:00,19.79,54.23,10.29,,,
780,04-30-2022 16:55:00,19.80,54.31,10.32,,,
781,04-30-2022 17:00:00,19.84,54.43,10.40,,,
782,04-30-2022 17:05:00,19.86,54.61,10.47,,,
783,04-30-2022 17:10:00,19.88,54.73,10.52,,,
784,04-30-2022 17:15:00,19.90,54.92,10.59,,,
785,04-30-2022 17:20:00,19.92,55.69,10.82,,,
786,04-30-2022 17:25:00,19.97,56.09,10.97,,,
787,04-30-2022 17:30:00,19.98,55.79,10.90,,,
788,04-30-2022 17:35:00,19.98,55.69,10.87,,,
789,04-30-2022 17:40:00,20.01,57.75,11.45,,,
790,04-30-2022 17:45:00,20.03,56.01,11.01,,,
791,04-30-2022 17:50:00,20.03,55.97,11.00,,,
792,04-30-2022 17:55:00,20.06,55.87,11.00,,,
793,04-30-2022 18:00:00,20.09,56.19,11.11,,,
794,04-30-2022 18:05:00,20.11,56.53,11.22,,,
795,04-30-2022 18:10:00,20.14,56.03,11.11,,,
796,04-30-2022 18:15:00,20.14,55.79,11.05,,,
797,04-30-2022 18:20:00,20.14,55.90,11.08,,,
798,04-30-2022 18:25:00,20.20,55.82,11.11,,,
799,04-30-2022 18:30:00,20.21,55.68,11.09,,,
800,04-30-2022 18:35:00,20.22,55.69,11.10,,,
801,04-30-2022 18:40:00,20.27,55.64,11.13,,,
802,04-30-2022 18:45:00,20.27,55.58,11.11,,,
803,04-30-2022 18:50:00,20.29,55.47,11.10,,,
804,04-30-2022 18:55:00,20.29,54.61,10.86,,,
805,04-30-2022 19:00:00,20.31,54.89,10.96,,,
806,04-30-2022 19:05:00,20.33,55.04,11.02,,,
807,04-30-2022 19:10:00,20.33,55.15,11.05,,,
808,04-30-2022 19:15:00,20.36,55.15,11.08,,,
809,04-30-2022 19:20:00,20.36,55.27,11.12,,,
810,04-30-2022 19:25:00,20.37,55.23,11.12,,,
811,04-30-2022 19:30:00,20.40,55.24,11.14,,,
812,04-30-2022 19:35:00,20.39,55.30,11.14,,,
813,04-30-2022 19:40:00,20.39,54.85,11.02,,,
814,04-30-2022 19:45:00,20.43,55.40,11.21,,,
815,04-30-2022 19:50:00,20.47,55.25,11.21,,,
816,04-30-2022 19:55:00,20.46,54.94,11.12,,,
817,04-30-2022 20:00:00,20.53,54.58,11.08,,,
818,04-30-2022 20:05:00,20.54,54.24,10.99,,,
819,04-30-2022 20:10:00,20.51,53.89,10.88,,,
820,04-30-2022 20:15:00,20.55,53.50,10.80,,,
821,04-30-2022 20:20:00,20.51,53.24,10.69,,,
822,04-30-2022 20:25:00,20.51,52.97,10.62,,,
823,04-30-2022 20:30:00,20.55,52.69,10.57,,,
824,04-30-2022 20:35:00,20.56,52.47,10.51,,,
825,04-30-2022 20:40:00,20.51,52.75,10.55,,,
826,04-30-2022 20:45:00,20.51,51.97,10.33,,,
827,04-30-2022 20:50:00,20.51,51.78,10.28,,,
828,04-30-2022 20:55:00,20.51,52.33,10.43,,,
829,04-30-2022 21:00:00,20.50,52.35,10.43,,,
830,04-30-2022 21:05:00,20.49,52.59,10.49,,,
831,04-30-2022 21:10:00,20.49,52.80,10.55,,,
832,04-30-2022 21:15:00,20.51,52.82,10.57,,,
833,04-30-2022 21:20:00,20.49,52.90,10.58,,,
834,04-30-2022 21:25:00,20.47,52.89,10.55,,,
835,04-30-2022 21:30:00,20.47,52.92,10.56,,,
836,04-30-2022 21:35:00,20.46,52.89,10.54,,,
837,04-30-2022 21:40:00,20.47,52.89,10.55,,,
838,04-30-2022 21:45:00,20.47,52.86,10.55,,,
839,04-30-2022 21:50:00,20.45,52.84,10.52,,,
840,04-30-2022 21:55:00,20.45,52.82,10.51,,,
841,04-30-2022 22:00:00,20.44,51.79,10.21,,,
842,04-30-2022 22:05:00,20.43,50.62,9.86,,,
843,04-30-2022 22:10:00,20.39,50.76,9.86,,,
844,04-30-2022 22:15:00,20.42,51.09,9.99,,,
845,04-30-2022 22:20:00,20.39,51.45,10.06,,,
846,04-30-2022 22:25:00,20.39,51.78,10.16,,,
847,04-30-2022 22:30:00,20.42,52.35,10.35,,,
848,04-30-2022 22:35:00,20.41,52.85,10.48,,,
849,04-30-2022 22:40:00,20.40,53.80,10.74,,,
850,04-30-2022 22:45:00,20.40,54.29,10.88,,,
851,04-30-2022 22:50:00,20.46,54.39,10.96,,,
852,04-30-2022 22:55:00,20.43,54.78,11.04,,,
853,04-30-2022 23:00:00,20.45,54.76,11.06,,,
854,04-30-2022 23:05:00,20.43,55.08,11.13,,,
855,04-30-2022 23:10:00,20.46,55.05,11.15,,,
856,04-30-2022 23:15:00,20.48,55.31,11.24,,,
857,04-30-2022 23:20:00,20.47,55.20,11.20,,,
858,04-30-2022 23:25:00,20.48,55.31,11.24,,,
859,04-30-2022 23:30:00,20.50,55.32,11.26,,,
860,04-30-2022 23:35:00,20.47,55.31,11.23,,,
861,04-30-2022 23:40:00,20.48,55.28,11.23,,,
862,04-30-2022 23:45:00,20.49,55.30,11.24,,,
863,04-30-2022 23:50:00,20.50,55.26,11.24,,,
864,04-30-2022 23:55:00,20.53,55.35,11.29,,,
865,05-01-2022 00:00:00,20.50,55.31,11.26,,,
866,05-01-2022 00:05:00,20.51,55.27,11.26,,,
867,05-01-2022 00:10:00,20.54,55.20,11.26,,,
868,05-01-2022 00:15:00,20.54,55.35,11.30,,,
869,05-01-2022 00:20:00,20.49,53.39,10.72,,,
870,05-01-2022 00:25:00,20.51,54.42,11.02,,,
871,05-01-2022 00:30:00,20.51,54.41,11.02,,,
872,05-01-2022 00:35:00,20.51,54.76,11.12,,,
873,05-01-2022 00:40:00,20.51,55.14,11.22,,,
874,05-01-2022 00:45:00,20.50,55.17,11.22,,,
875,05-01-2022 00:50:00,20.49,55.43,11.28,,,
876,05-01-2022 00:55:00,20.48,55.54,11.30,,,
877,05-01-2022 01:00:00,20.47,55.65,11.32,,,
878,05-01-2022 01:05:00,20.47,55.91,11.39,,,
879,05-01-2022 01:10:00,20.47,56.24,11.48,,,
880,05-01-2022 01:15:00,20.42,56.15,11.40,,,
881,05-01-2022 01:20:00,20.45,56.58,11.55,,,
882,05-01-2022 01:25:00,20.43,56.48,11.50,,,
883,05-01-2022 01:30:00,20.42,56.65,11.54,,,
884,05-01-2022 01:35:00,20.43,56.80,11.59,,,
885,05-01-2022 01:40:00,20.41,57.02,11.63,,,
886,05-01-2022 01:45:00,20.40,57.06,11.63,,,
887,05-01-2022 01:50:00,20.37,57.33,11.68,,,
888,05-01-2022 01:55:00,20.39,57.26,11.67,,,
889,05-01-2022 02:00:00,20.35,57.51,11.71,,,
890,05-01-2022 02:05:00,20.34,57.62,11.73,,,
891,05-01-2022 02:10:00,20.32,57.85,11.77,,,
892,05-01-2022 02:15:00,20.32,57.80,11.75,,,
893,05-01-2022 02:20:00,20.30,57.91,11.76,,,
894,05-01-2022 02:25:00,20.28,57.81,11.72,,,
895,05-01-2022 02:30:00,20.31,57.85,11.75,,,
896,05-01-2022 02:35:00,20.26,57.97,11.74,,,
897,05-01-2022 02:40:00,20.29,58.09,11.80,,,
898,05-01-2022 02:45:00,20.26,58.20,11.80,,,
899,05-01-2022 02:50:00,20.21,58.15,11.74,,,
900,05-01-2022 02:55:00,20.20,58.29,11.77,,,
901,05-01-2022 03:00:00,20.20,58.49,11.82,,,
902,05-01-2022 03:05:00,20.19,58.40,11.79,,,
903,05-01-2022 03:10:00,20.18,58.44,11.79,,,
904,05-01-2022 03:15:00,20.18,58.65,11.84,,,
905,05-01-2022 03:20:00,20.15,58.69,11.82,,,
906,05-01-2022 03:25:00,20.15,58.55,11.79,,,
907,05-01-2022 03:30:00,20.14,58.72,11.82,,,
908,05-01-2022 03:35:00,20.13,58.49,11.75,,,
909,05-01-2022 03:40:00,20.17,58.57,11.81,,,
910,05-01-2022 03:45:00,20.09,58.46,11.71,,,
911,05-01-2022 03:50:00,20.10,56.04,11.08,,,
912,05-01-2022 03:55:00,20.02,57.74,11.46,,,
913,05-01-2022 04:00:00,20.09,58.18,11.63,,,
914,05-01-2022 04:05:00,20.05,58.35,11.65,,,
915,05-01-2022 04:10:00,20.04,58.64,11.71,,,
916,05-01-2022 04:15:00,20.02,58.77,11.72,,,
917,05-01-2022 04:20:00,20.02,58.93,11.76,,,
918,05-01-2022 04:25:00,20.01,58.70,11.70,,,
919,05-01-2022 04:30:00,19.98,58.44,11.60,,,
920,05-01-2022 04:35:00,19.99,58.26,11.56,,,
921,05-01-2022 04:40:00,19.95,58.15,11.49,,,
922,05-01-2022 04:45:00,19.97,57.91,11.45,,,
923,05-01-2022 04:50:00,19.94,57.89,11.42,,,
924,05-01-2022 04:55:00,19.94,57.78,11.39,,,
925,05-01-2022 05:00:00,19.92,57.62,11.33,,,
926,05-01-2022 05:05:00,19.92,57.57,11.32,,,
927,05-01-2022 05:10:00,19.89,57.64,11.31,,,
928,05-01-2022 05:15:00,19.88,57.48,11.26,,,
929,05-01-2022 05:20:00,19.85,57.39,11.20,,,
930,05-01-2022 05:25:00,19.84,57.30,11.17,,,
931,05-01-2022 05:30:00,19.83,57.30,11.16,,,
932,05-01-2022 05:35:00,19.82,57.14,11.11,,,
933,05-01-2022 05:40:00,19.75,57.15,11.05,,,
934,05-01-2022 05:45:00,19.82,57.17,11.12,,,
935,05-01-2022 05:50:00,19.79,56.84,11.00,,,
936,05-01-2022 05:55:00,19.76,56.72,10.95,,,
937,05-01-2022 06:00:00,19.77,56.81,10.98,,,
938,05-01-2022 06:05:00,19.75,56.77,10.95,,,
939,05-01-2022 06:10:00,19.72,56.95,10.97,,,
940,05-01-2022 06:15:00,19.70,56.89,10.93,,,
941,05-01-2022 06:20:00,19.72,56.83,10.93,,,
942,05-01-2022 06:25:00,19.70,56.89,10.93,,,
943,05-01-2022 06:30:00,19.69,56.93,10.93,,,
944,05-01-2022 06:35:00,19.66,56.73,10.85,,,
945,05-01-2022 06:40:00,19.65,56.90,10.88,,,
946,05-01-2022 06:45:00,19.63,56.77,10.84,,,
947,05-01-2022 06:50:00,19.63,56.76,10.84,,,
948,05-01-2022 06:55:00,19.63,56.81,10.85,,,
949,05-01-2022 07:00:00,19.58,56.77,10.79,,,
950,05-01-2022 07:05:00,19.57,56.73,10.77,,,
951,05-01-2022 07:10:00,19.58,56.69,10.77,,,
952,05-01-2022 07:15:00,19.58,56.70,10.77,,,
953,05-01-2022 07:20:00,19.56,56.73,10.76,,,
954,05-01-2022 07:25:00,19.52,56.72,10.72,,,
955,05-01-2022 07:30:00,19.54,56.69,10.73,,,
956,05-01-2022 07:35:00,19.50,56.69,10.69,,,
957,05-01-2022 07:40:00,19.50,56.85,10.73,,,
958,05-01-2022 07:45:00,19.51,56.76,10.72,,,
959,05-01-2022 07:50:00,19.50,56.83,10.73,,,
960,05-01-2022 07:55:00,19.47,56.86,10.71,,,
961,05-01-2022 08:00:00,19.50,56.87,10.73,,,
962,05-01-2022 08:05:00,19.46,56.62,10.64,,,
963,05-01-2022 08:10:00,19.46,56.84,10.70,,,
964,05-01-2022 08:15:00,19.42,56.91,10.68,,,
965,05-01-2022 08:20:00,19.46,57.04,10.75,,,
966,05-01-2022 08:25:00,19.44,57.02,10.73,,,
967,05-01-2022 08:30:00,19.43,57.02,10.71,,,
968,05-01-2022 08:35:00,19.44,56.98,10.72,,,
969,05-01-2022 08:40:00,19.43,57.00,10.71,,,
970,05-01-2022 08:45:00,19.41,57.18,10.74,,,
971,05-01-2022 08:50:00,19.40,56.99,10.68,,,
972,05-01-2022 08:55:00,19.42,56.92,10.68,,,
973,05-01-2022 09:00:00,19.40,56.87,10.65,,,
974,05-01-2022 09:05:00,19.38,56.92,10.64,,,
975,05-01-2022 09:10:00,19.38,57.07,10.68,,,
976,05-01-2022 09:15:00,19.38,57.09,10.68,,,
977,05-01-2022 09:20:00,19.36,57.09,10.66,,,
978,05-01-2022 09:25:00,19.39,56.95,10.66,,,
979,05-01-2022 09:30:00,19.38,57.25,10.73,,,
980,05-01-2022 09:35:00,19.36,57.14,10.68,,,
981,05-01-2022 09:40:00,19.38,57.19,10.71,,,
982,05-01-2022 09:45:00,19.35,57.41,10.74,,,
983,05-01-2022 09:50:00,19.37,57.37,10.75,,,
984,05-01-2022 09:55:00,19.33,57.33,10.71,,,
985,05-01-2022 10:00:00,19.32,57.36,10.71,,,
986,05-01-2022 10:05:00,19.33,53.95,9.80,,,
987,05-01-2022 10:10:00,19.30,53.94,9.76,,,
988,05-01-2022 10:15:00,19.27,52.87,9.44,,,
989,05-01-2022 10:20:00,19.28,52.37,9.31,,,
990,05-01-2022 10:25:00,19.24,53.13,9.48,,,
991,05-01-2022 10:30:00,19.26,53.49,9.60,,,
992,05-01-2022 10:35:00,19.24,54.36,9.82,,,
993,05-01-2022 10:40:00,19.24,55.93,10.25,,,
994,05-01-2022 10:45:00,19.27,56.75,10.49,,,
995,05-01-2022 10:50:00,19.28,57.25,10.64,,,
996,05-01-2022 10:55:00,19.32,57.91,10.85,,,
997,05-01-2022 11:00:00,19.32,58.11,10.90,,,
998,05-01-2022 11:05:00,19.38,58.24,10.98,,,
999,05-01-2022 11:10:00,19.38,57.96,10.91,,,
1000,05-01-2022 11:15:00,19.41,57.98,10.95,,,
1001,05-01-2022 11:20:00,19.45,57.36,10.83,,,
1002,05-01-2022 11:25:00,19.43,57.43,10.82,,,
1003,05-01-2022 11:30:00,19.50,57.15,10.81,,,
1004,05-01-2022 11:35:00,19.52,57.03,10.80,,,
1005,05-01-2022 11:40:00,19.54,56.81,10.76,,,
1006,05-01-2022 11:45:00,19.55,56.73,10.75,,,
1007,05-01-2022 11:50:00,19.60,56.14,10.64,,,
1008,05-01-2022 11:55:00,19.61,56.22,10.67,,,
1009,05-01-2022 12:00:00,19.65,56.07,10.66,,,
1010,05-01-2022 12:05:00,19.65,55.68,10.56,,,
1011,05-01-2022 12:10:00,19.68,55.76,10.61,,,
1012,05-01-2022 12:15:00,19.67,55.71,10.59,,,
1013,05-01-2022 12:20:00,19.72,55.46,10.57,,,
1014,05-01-2022 12:25:00,19.72,54.91,10.42,,,
1015,05-01-2022 12:30:00,19.75,54.95,10.46,,,
1016,05-01-2022 12:35:00,19.75,54.92,10.45,,,
1017,05-01-2022 12:40:00,19.80,54.71,10.44,,,
1018,05-01-2022 12:45:00,19.82,54.63,10.43,,,
1019,05-01-2022 12:50:00,19.83,54.80,10.49,,,
1020,05-01-2022 12:55:00,19.87,54.71,10.50,,,
1021,05-01-2022 13:00:00,19.90,54.70,10.53,,,
1022,05-01-2022 13:05:00,19.90,54.40,10.45,,,
1023,05-01-2022 13:10:00,19.92,53.54,10.23,,,
1024,05-01-2022 13:15:00,19.92,54.06,10.37,,,
1025,05-01-2022 13:20:00,19.96,53.59,10.27,,,
1026,05-01-2022 13:25:00,20.01,53.64,10.34,,,
1027,05-01-2022 13:30:00,20.02,53.77,10.38,,,
1028,05-01-2022 13:35:00,20.06,53.88,10.45,,,
1029,05-01-2022 13:40:00,20.06,53.91,10.46,,,
1030,05-01-2022 13:45:00,20.09,53.97,10.50,,,
1031,05-01-2022 13:50:00,20.13,54.02,10.55,,,
1032,05-01-2022 13:55:00,20.14,54.04,10.57,,,
1033,05-01-2022 14:00:00,20.18,54.04,10.61,,,
1034,05-01-2022 14:05:00,20.20,53.53,10.49,,,
1035,05-01-2022 14:10:00,20.25,53.51,10.52,,,
1036,05-01-2022 14:15:00,20.26,53.58,10.55,,,
1037,05-01-2022 14:20:00,20.28,53.53,10.55,,,
1038,05-01-2022 14:25:00,20.31,53.64,10.62,,,
1039,05-01-2022 14:30:00,20.34,53.60,10.63,,,
1040,05-01-2022 14:35:00,20.37,53.60,10.66,,,
1041,05-01-2022 14:40:00,20.40,53.70,10.71,,,
1042,05-01-2022 14:45:00,20.43,53.67,10.73,,,
1043,05-01-2022 14:50:00,20.44,53.78,10.77,,,
1044,05-01-2022 14:55:00,20.49,53.66,10.79,,,
1045,05-01-2022 15:00:00,20.53,53.50,10.78,,,
1046,05-01-2022 15:05:00,20.55,53.06,10.67,,,
1047,05-01-2022 15:10:00,20.60,53.34,10.80,,,
1048,05-01-2022 15:15:00,20.59,53.15,10.74,,,
1049,05-01-2022 15:20:00,20.63,53.26,10.81,,,
1050,05-01-2022 15:25:00,20.68,53.12,10.81,,,
1051,05-01-2022 15:30:00,20.72,53.04,10.82,,,
1052,05-01-2022 15:35:00,20.73,52.88,10.79,,,
1053,05-01-2022 15:40:00,20.73,52.91,10.80,,,
1054,05-01-2022 15:45:00,20.81,52.90,10.87,,,
1055,05-01-2022 15:50:00,20.79,52.99,10.88,,,
1056,05-01-2022 15:55:00,20.84,53.11,10.95,,,
1057,05-01-2022 16:00:00,20.88,52.71,10.88,,,
1058,05-01-2022 16:05:00,20.90,52.64,10.88,,,
1059,05-01-2022 16:10:00,20.93,52.63,10.91,,,
1060,05-01-2022 16:15:00,20.96,52.65,10.94,,,
1061,05-01-2022 16:20:00,20.96,52.67,10.95,,,
1062,05-01-2022 16:25:00,21.00,52.65,10.97,,,
1063,05-01-2022 16:30:00,21.04,51.66,10.72,,,
1064,05-01-2022 16:35:00,21.05,52.01,10.84,,,
1065,05-01-2022 16:40:00,21.09,52.25,10.95,,,
1066,05-01-2022 16:45:00,21.13,52.31,10.99,,,
1067,05-01-2022 16:50:00,21.15,52.36,11.03,,,
1068,05-01-2022 16:55:00,21.18,51.63,10.85,,,
1069,05-01-2022 17:00:00,21.16,51.21,10.70,,,
1070,05-01-2022 17:05:00,21.23,49.48,10.26,,,
1071,05-01-2022 17:10:00,21.22,49.07,10.12,,,
1072,05-01-2022 17:15:00,21.22,50.09,10.43,,,
1073,05-01-2022 17:20:00,21.28,50.90,10.72,,,
1074,05-01-2022 17:25:00,21.29,51.48,10.90,,,
1075,05-01-2022 17:30:00,21.32,51.86,11.04,,,
1076,05-01-2022 17:35:00,21.34,52.07,11.12,,,
1077,05-01-2022 17:40:00,21.35,52.42,11.23,,,
1078,05-01-2022 17:45:00,21.38,52.66,11.33,,,
1079,05-01-2022 17:50:00,21.43,52.64,11.37,,,
1080,05-01-2022 17:55:00,21.46,52.76,11.43,,,
1081,05-01-2022 18:00:00,21.49,52.61,11.42,,,
1082,05-01-2022 18:05:00,21.51,52.74,11.47,,,
1083,05-01-2022 18:10:00,21.53,52.64,11.47,,,
1084,05-01-2022 18:15:00,21.55,52.58,11.47,,,
1085,05-01-2022 18:20:00,21.60,52.59,11.51,,,
1086,05-01-2022 18:25:00,21.60,52.65,11.53,,,
1087,05-01-2022 18:30:00,21.63,52.67,11.56,,,
1088,05-01-2022 18:35:00,21.65,52.65,11.58,,,
1089,05-01-2022 18:40:00,21.66,51.69,11.31,,,
1090,05-01-2022 18:45:00,21.66,50.81,11.05,,,
1091,05-01-2022 18:50:00,21.68,50.73,11.04,,,
1092,05-01-2022 18:55:00,21.69,50.25,10.91,,,
1093,05-01-2022 19:00:00,21.72,50.11,10.89,,,
1094,05-01-2022 19:05:00,21.72,49.98,10.85,,,
1095,05-01-2022 19:10:00,21.68,49.72,10.74,,,
1096,05-01-2022 19:15:00,21.70,49.49,10.69,,,
1097,05-01-2022 19:20:00,21.66,49.36,10.61,,,
1098,05-01-2022 19:25:00,21.69,48.92,10.51,,,
1099,05-01-2022 19:30:00,21.64,48.74,10.40,,,
1100,05-01-2022 19:35:00,21.66,48.91,10.48,,,
1101,05-01-2022 19:40:00,21.66,49.76,10.73,,,
1102,05-01-2022 19:45:00,21.66,49.82,10.75,,,
1103,05-01-2022 19:50:00,21.65,49.72,10.71,,,
1104,05-01-2022 19:55:00,21.64,48.78,10.42,,,
1105,05-01-2022 20:00:00,21.64,49.23,10.55,,,
1106,05-01-2022 20:05:00,21.64,50.44,10.92,,,
1107,05-01-2022 20:10:00,21.66,51.42,11.23,,,
1108,05-01-2022 20:15:00,21.66,52.12,11.43,,,
1109,05-01-2022 20:20:00,21.70,52.31,11.53,,,
1110,05-01-2022 20:25:00,21.74,52.45,11.60,,,
1111,05-01-2022 20:30:00,21.73,52.71,11.66,,,
1112,05-01-2022 20:35:00,21.74,52.69,11.67,,,
1113,05-01-2022 20:40:00,21.73,52.68,11.65,,,
1114,05-01-2022 20:45:00,21.77,52.70,11.70,,,
1115,05-01-2022 20:50:00,21.76,52.70,11.69,,,
1116,05-01-2022 20:55:00,21.80,53.02,11.82,,,
1117,05-01-2022 21:00:00,21.83,52.96,11.83,,,
1118,05-01-2022 21:05:00,21.84,53.59,12.02,,,
1119,05-01-2022 21:10:00,21.85,53.93,12.13,,,
1120,05-01-2022 21:15:00,21.84,54.05,12.15,,,
1121,05-01-2022 21:20:00,21.89,53.98,12.17,,,
1122,05-01-2022 21:25:00,21.90,53.80,12.13,,,
1123,05-01-2022 21:30:00,21.90,53.81,12.14,,,
1124,05-01-2022 21:35:00,21.90,53.55,12.06,,,
1125,05-01-2022 21:40:00,21.91,53.73,12.12,,,
1126,05-01-2022 21:45:00,21.90,52.71,11.82,,,
1127,05-01-2022 21:50:00,21.92,53.41,12.04,,,
1128,05-01-2022 21:55:00,21.93,53.56,12.10,,,
1129,05-01-2022 22:00:00,21.94,53.50,12.09,,,
1130,05-01-2022 22:05:00,21.93,53.42,12.06,,,
1131,05-01-2022 22:10:00,21.95,53.49,12.09,,,
1132,05-01-2022 22:15:00,21.93,53.40,12.05,,,
1133,05-01-2022 22:20:00,21.92,53.45,12.05,,,
1134,05-01-2022 22:25:00,21.92,53.07,11.95,,,
1135,05-01-2022 22:30:00,21.93,52.89,11.90,,,
1136,05-01-2022 22:35:00,21.91,52.92,11.89,,,
1137,05-01-2022 22:40:00,21.92,52.77,11.86,,,
1138,05-01-2022 22:45:00,21.93,52.64,11.83,,,
1139,05-01-2022 22:50:00,21.92,52.74,11.85,,,
1140,05-01-2022 22:55:00,21.93,52.59,11.82,,,
1141,05-01-2022 23:00:00,21.94,52.52,11.81,,,
1142,05-01-2022 23:05:00,21.90,52.23,11.68,,,
1143,05-01-2022 23:10:00,21.90,51.90,11.59,,,
1144,05-01-2022 23:15:00,21.91,51.47,11.47,,,
1145,05-01-2022 23:20:00,21.91,51.46,11.47,,,
1146,05-01-2022 23:25:00,21.90,51.40,11.44,,,
1147,05-01-2022 23:30:00,21.89,51.39,11.43,,,
1148,05-01-2022 23:35:00,21.87,51.07,11.31,,,
1149,05-01-2022 23:40:00,21.90,50.93,11.30,,,
1150,05-01-2022 23:45:00,21.84,50.90,11.25,,,
1151,05-01-2022 23:50:00,21.84,50.94,11.26,,,
1152,05-01-2022 23:55:00,21.83,50.05,10.98,,,
1153,05-02-2022 00:00:00,21.85,49.13,10.72,,,
1154,05-02-2022 00:05:00,21.84,49.47,10.81,,,
1155,05-02-2022 00:10:00,21.85,50.33,11.08,,,
1156,05-02-2022 00:15:00,21.83,50.80,11.20,,,
1157,05-02-2022 00:20:00,21.80,51.01,11.24,,,
1158,05-02-2022 00:25:00,21.84,51.26,11.35,,,
1159,05-02-2022 00:30:00,21.80,51.42,11.36,,,
1160,05-02-2022 00:35:00,21.77,51.54,11.36,,,
1161,05-02-2022 00:40:00,21.79,51.63,11.41,,,
1162,05-02-2022 00:45:00,21.77,51.73,11.42,,,
1163,05-02-2022 00:50:00,21.75,51.75,11.40,,,
1164,05-02-2022 00:55:00,21.76,51.87,11.45,,,
1165,05-02-2022 01:00:00,21.76,51.92,11.46,,,
1166,05-02-2022 01:05:00,21.75,51.95,11.46,,,
1167,05-02-2022 01:10:00,21.74,51.97,11.46,,,
1168,05-02-2022 01:15:00,21.73,52.05,11.47,,,
1169,05-02-2022 01:20:00,21.72,52.12,11.48,,,
1170,05-02-2022 01:25:00,21.68,52.10,11.45,,,
1171,05-02-2022 01:30:00,21.68,52.22,11.48,,,
1172,05-02-2022 01:35:00,21.67,52.30,11.49,,,
1173,05-02-2022 01:40:00,21.64,52.37,11.49,,,
1174,05-02-2022 01:45:00,21.63,52.41,11.49,,,
1175,05-02-2022 01:50:00,21.64,52.48,11.52,,,
1176,05-02-2022 01:55:00,21.62,52.52,11.51,,,
1177,05-02-2022 02:00:00,21.60,52.59,11.51,,,
1178,05-02-2022 02:05:00,21.57,52.52,11.46,,,
1179,05-02-2022 02:10:00,21.57,52.60,11.48,,,
1180,05-02-2022 02:15:00,21.54,52.63,11.47,,,
1181,05-02-2022 02:20:00,21.55,52.59,11.47,,,
1182,05-02-2022 02:25:00,21.52,52.61,11.45,,,
1183,05-02-2022 02:30:00,21.51,52.60,11.43,,,
1184,05-02-2022 02:35:00,21.50,52.65,11.44,,,
1185,05-02-2022 02:40:00,21.47,52.67,11.41,,,
1186,05-02-2022 02:45:00,21.47,52.76,11.44,,,
1187,05-02-2022 02:50:00,21.45,52.77,11.42,,,
1188,05-02-2022 02:55:00,21.42,52.82,11.41,,,
1189,05-02-2022 03:00:00,21.44,52.85,11.43,,,
1190,05-02-2022 03:05:00,21.43,52.78,11.41,,,
1191,05-02-2022 03:10:00,21.37,52.82,11.37,,,
1192,05-02-2022 03:15:00,21.37,52.87,11.38,,,
1193,05-02-2022 03:20:00,21.34,52.92,11.37,,,
1194,05-02-2022 03:25:00,21.34,52.94,11.37,,,
1195,05-02-2022 03:30:00,21.33,52.98,11.37,,,
1196,05-02-2022 03:35:00,21.32,52.90,11.34,,,
1197,05-02-2022 03:40:00,21.29,52.96,11.33,,,
1198,05-02-2022 03:45:00,21.29,52.96,11.33,,,
1199,05-02-2022 03:50:00,21.23,52.97,11.28,,,
1200,05-02-2022 03:55:00,21.23,53.03,11.30,,,
1201,05-02-2022 04:00:00,21.20,53.06,11.28,,,
1202,05-02-2022 04:05:00,21.17,53.09,11.26,,,
1203,05-02-2022 04:10:00,21.19,53.04,11.26,,,
1204,05-02-2022 04:15:00,21.16,53.05,11.24,,,
1205,05-02-2022 04:20:00,21.16,53.07,11.24,,,
1206,05-02-2022 04:25:00,21.16,53.16,11.27,,,
1207,05-02-2022 04:30:00,21.14,53.16,11.25,,,
1208,05-02-2022 04:35:00,21.09,53.17,11.21,,,
1209,05-02-2022 04:40:00,21.09,53.14,11.20,,,
1210,05-02-2022 04:45:00,21.06,53.09,11.16,,,
1211,05-02-2022 04:50:00,21.05,53.12,11.15,,,
1212,05-02-2022 04:55:00,21.01,53.12,11.11,,,
1213,05-02-2022 05:00:00,21.01,53.21,11.14,,,
1214,05-02-2022 05:05:00,20.98,53.29,11.13,,,
1215,05-02-2022 05:10:00,20.98,53.30,11.14,,,
1216,05-02-2022 05:15:00,20.95,53.25,11.10,,,
1217,05-02-2022 05:20:00,20.92,53.20,11.06,,,
1218,05-02-2022 05:25:00,20.91,53.19,11.05,,,
1219,05-02-2022 05:30:00,20.89,53.19,11.02,,,
1220,05-02-2022 05:35:00,20.88,53.16,11.01,,,
1221,05-02-2022 05:40:00,20.84,53.18,10.97,,,
1222,05-02-2022 05:45:00,20.85,53.27,11.01,,,
1223,05-02-2022 05:50:00,20.80,53.23,10.96,,,
1224,05-02-2022 05:55:00,20.77,53.23,10.93,,,
1225,05-02-2022 06:00:00,20.78,53.25,10.94,,,
1226,05-02-2022 06:05:00,20.76,53.32,10.94,,,
1227,05-02-2022 06:10:00,20.77,53.28,10.94,,,
1228,05-02-2022 06:15:00,20.76,53.25,10.92,,,
1229,05-02-2022 06:20:00,20.72,53.25,10.88,,,
1230,05-02-2022 06:25:00,20.73,53.29,10.90,,,
1231,05-02-2022 06:30:00,20.68,53.37,10.88,,,
1232,05-02-2022 06:35:00,20.65,53.38,10.86,,,
1233,05-02-2022 06:40:00,20.62,53.36,10.83,,,
1234,05-02-2022 06:45:00,20.64,53.37,10.85,,,
1235,05-02-2022 06:50:00,20.60,53.40,10.82,,,
1236,05-02-2022 06:55:00,20.56,53.48,10.80,,,
1237,05-02-2022 07:00:00,20.58,53.44,10.81,,,
1238,05-02-2022 07:05:00,20.58,53.47,10.82,,,
1239,05-02-2022 07:10:00,20.53,53.47,10.77,,,
1240,05-02-2022 07:15:00,20.48,53.46,10.72,,,
1241,05-02-2022 07:20:00,20.51,53.48,10.76,,,
1242,05-02-2022 07:25:00,20.47,53.51,10.73,,,
1243,05-02-2022 07:30:00,20.47,53.50,10.72,,,
1244,05-02-2022 07:35:00,20.44,53.48,10.69,,,
1245,05-02-2022 07:40:00,20.37,53.49,10.63,,,
1246,05-02-2022 07:45:00,20.42,53.61,10.71,,,
1247,05-02-2022 07:50:00,20.40,53.55,10.67,,,
1248,05-02-2022 07:55:00,20.35,51.88,10.15,,,
1249,05-02-2022 08:00:00,20.32,53.63,10.62,,,
1250,05-02-2022 08:05:00,20.30,53.88,10.67,,,
1251,05-02-2022 08:10:00,20.27,51.92,10.09,,,
1252,05-02-2022 08:15:00,20.22,51.59,9.95,,,
1253,05-02-2022 08:20:00,20.17,51.00,9.73,,,
1254,05-02-2022 08:25:00,20.12,50.79,9.62,,,
1255,05-02-2022 08:30:00,20.10,49.87,9.33,,,
1256,05-02-2022 08:35:00,20.04,49.97,9.31,,,
1257,05-02-2022 08:40:00,19.96,49.61,9.12,,,
1258,05-02-2022 08:45:00,19.91,49.45,9.04,,,
1259,05-02-2022 08:50:00,19.87,49.17,8.91,,,
1260,05-02-2022 08:55:00,19.83,49.58,8.99,,,
1261,05-02-2022 09:00:00,19.80,49.47,8.93,,,
1262,05-02-2022 09:05:00,19.75,48.59,8.63,,,
1263,05-02-2022 09:10:00,19.69,48.31,8.49,,,
1264,05-02-2022 09:15:00,19.66,48.54,8.52,,,
1265,05-02-2022 09:20:00,19.60,48.50,8.46,,,
1266,05-02-2022 09:25:00,19.56,48.21,8.34,,,
1267,05-02-2022 09:30:00,19.51,48.12,8.26,,,
1268,05-02-2022 09:35:00,19.46,48.06,8.20,,,
1269,05-02-2022 09:40:00,19.40,47.67,8.02,,,
1270,05-02-2022 09:45:00,19.35,48.03,8.08,,,
1271,05-02-2022 09:50:00,19.30,48.43,8.17,,,
1272,05-02-2022 09:55:00,19.29,48.48,8.17,,,
1273,05-02-2022 10:00:00,19.22,48.32,8.06,,,
1274,05-02-2022 10:05:00,19.20,48.59,8.12,,,
1275,05-02-2022 10:10:00,19.14,48.54,8.05,,,
1276,05-02-2022 10:15:00,19.11,48.94,8.14,,,
1277,05-02-2022 10:20:00,19.06,48.74,8.03,,,
1278,05-02-2022 10:25:00,19.03,48.91,8.06,,,
1279,05-02-2022 10:30:00,18.97,48.80,7.97,,,
1280,05-02-2022 10:35:00,18.94,49.20,8.07,,,
1281,05-02-2022 10:40:00,18.91,48.81,7.92,,,
1282,05-02-2022 10:45:00,18.85,49.39,8.04,,,
1283,05-02-2022 10:50:00,18.86,49.85,8.19,,,
1284,05-02-2022 10:55:00,18.83,50.14,8.24,,,
1285,05-02-2022 11:00:00,18.84,50.17,8.26,,,
1286,05-02-2022 11:05:00,18.83,50.55,8.36,,,
1287,05-02-2022 11:10:00,18.83,50.62,8.39,,,
1288,05-02-2022 11:15:00,18.83,50.90,8.47,,,
1289,05-02-2022 11:20:00,18.86,50.94,8.51,,,
1290,05-02-2022 11:25:00,18.83,51.04,8.51,,,
1291,05-02-2022 11:30:00,18.84,50.97,8.50,,,
1292,05-02-2022 11:35:00,18.83,50.94,8.48,,,
1293,05-02-2022 11:40:00,18.83,51.15,8.54,,,
1294,05-02-2022 11:45:00,18.83,51.17,8.54,,,
1295,05-02-2022 11:50:00,18.86,51.27,8.60,,,
1296,05-02-2022 11:55:00,18.85,51.32,8.61,,,
1297,05-02-2022 12:00:00,18.87,51.41,8.65,,,
1298,05-02-2022 12:05:00,18.87,51.43,8.66,,,
1299,05-02-2022 12:10:00,18.88,51.38,8.65,,,
1300,05-02-2022 12:15:00,18.88,51.49,8.69,,,
1301,05-02-2022 12:20:00,18.89,51.25,8.63,,,
1302,05-02-2022 12:25:00,18.87,51.28,8.62,,,
1303,05-02-2022 12:30:00,18.86,51.19,8.58,,,
1304,05-02-2022 12:35:00,18.85,51.59,8.68,,,
1305,05-02-2022 12:40:00,18.88,51.80,8.78,,,
1306,05-02-2022 12:45:00,18.92,52.07,8.88,,,
1307,05-02-2022 12:50:00,18.91,52.21,8.91,,,
1308,05-02-2022 12:55:00,18.91,52.20,8.91,,,
1309,05-02-2022 13:00:00,18.91,52.12,8.89,,,
1310,05-02-2022 13:05:00,18.89,52.18,8.89,,,
1311,05-02-2022 13:10:00,18.91,52.05,8.86,,,
1312,05-02-2022 13:15:00,18.91,51.85,8.81,,,
1313,05-02-2022 13:20:00,18.93,51.84,8.83,,,
1314,05-02-2022 13:25:00,18.94,52.17,8.93,,,
1315,05-02-2022 13:30:00,18.94,52.17,8.93,,,
1316,05-02-2022 13:35:00,18.94,52.22,8.94,,,
1317,05-02-2022 13:40:00,18.94,51.90,8.85,,,
1318,05-02-2022 13:45:00,18.94,51.75,8.81,,,
1319,05-02-2022 13:50:00,18.96,51.63,8.80,,,
1320,05-02-2022 13:55:00,18.96,51.50,8.76,,,
1321,05-02-2022 14:00:00,18.97,51.72,8.83,,,
1322,05-02-2022 14:05:00,18.98,51.87,8.88,,,
1323,05-02-2022 14:10:00,18.97,51.84,8.86,,,
1324,05-02-2022 14:15:00,19.01,52.19,9.01,,,
1325,05-02-2022 14:20:00,18.98,51.62,8.81,,,
1326,05-02-2022 14:25:00,18.96,51.34,8.71,,,
1327,05-02-2022 14:30:00,18.94,51.13,8.63,,,
1328,05-02-2022 14:35:00,18.96,51.08,8.64,,,
1329,05-02-2022 14:40:00,18.95,51.19,8.66,,,
1330,05-02-2022 14:45:00,18.95,51.30,8.69,,,
1331,05-02-2022 14:50:00,18.95,51.27,8.68,,,
1332,05-02-2022 14:55:00,18.93,51.17,8.63,,,
1333,05-02-2022 15:00:00,18.93,51.05,8.60,,,
1334,05-02-2022 15:05:00,18.91,50.82,8.51,,,
1335,05-02-2022 15:10:00,18.91,51.02,8.57,,,
1336,05-02-2022 15:15:00,18.92,51.15,8.62,,,
1337,05-02-2022 15:20:00,18.89,51.21,8.62,,,
1338,05-02-2022 15:25:00,18.94,51.32,8.69,,,
1339,05-02-2022 15:30:00,18.87,51.29,8.62,,,
1340,05-02-2022 15:35:00,18.92,51.47,8.71,,,
1341,05-02-2022 15:40:00,18.89,51.79,8.78,,,
1342,05-02-2022 15:45:00,18.91,52.04,8.86,,,
1343,05-02-2022 15:50:00,18.91,52.26,8.93,,,
1344,05-02-2022 15:55:00,18.91,52.66,9.04,,,
1345,05-02-2022 16:00:00,18.92,52.61,9.03,,,
1346,05-02-2022 16:05:00,18.97,52.85,9.15,,,
1347,05-02-2022 16:10:00,18.98,53.03,9.21,,,
1348,05-02-2022 16:15:00,18.98,52.99,9.20,,,
1349,05-02-2022 16:20:00,18.98,52.97,9.20,,,
1350,05-02-2022 16:25:00,19.02,53.15,9.29,,,
1351,05-02-2022 16:30:00,19.02,53.22,9.31,,,
1352,05-02-2022 16:35:00,19.05,53.10,9.29,,,
1353,05-02-2022 16:40:00,19.08,53.08,9.32,,,
1354,05-02-2022 16:45:00,19.08,53.09,9.32,,,
1355,05-02-2022 16:50:00,19.08,53.12,9.33,,,
1356,05-02-2022 16:55:00,19.10,53.33,9.41,,,
1357,05-02-2022 17:00:00,19.12,53.54,9.48,,,
1358,05-02-2022 17:05:00,19.11,53.08,9.34,,,
1359,05-02-2022 17:10:00,19.12,53.20,9.39,,,
1360,05-02-2022 17:15:00,19.14,53.20,9.41,,,
1361,05-02-2022 17:20:00,19.18,53.41,9.51,,,
1362,05-02-2022 17:25:00,19.22,53.27,9.50,,,
1363,05-02-2022 17:30:00,19.21,53.31,9.50,,,
1364,05-02-2022 17:35:00,19.22,53.33,9.51,,,
1365,05-02-2022 17:40:00,19.25,53.47,9.58,,,
1366,05-02-2022 17:45:00,19.25,53.13,9.49,,,
1367,05-02-2022 17:50:00,19.25,53.22,9.51,,,
1368,05-02-2022 17:55:00,19.26,53.37,9.56,,,
1369,05-02-2022 18:00:00,19.25,53.32,9.54,,,
1370,05-02-2022 18:05:00,19.32,54.84,10.03,,,
1371,05-02-2022 18:10:00,19.32,55.14,10.11,,,
1372,05-02-2022 18:15:00,19.31,55.33,10.15,,,
1373,05-02-2022 18:20:00,19.32,55.39,10.18,,,
1374,05-02-2022 18:25:00,19.32,55.15,10.11,,,
1375,05-02-2022 18:30:00,19.38,55.11,10.15,,,
1376,05-02-2022 18:35:00,19.36,55.41,10.22,,,
1377,05-02-2022 18:40:00,19.38,55.14,10.16,,,
1378,05-02-2022 18:45:00,19.39,55.55,10.28,,,
1379,05-02-2022 18:50:00,19.42,55.55,10.31,,,
1380,05-02-2022 18:55:00,19.42,55.27,10.24,,,
1381,05-02-2022 19:00:00,19.42,55.29,10.24,,,
1382,05-02-2022 19:05:00,19.45,55.18,10.24,,,
1383,05-02-2022 19:10:00,19.47,55.29,10.29,,,
1384,05-02-2022 19:15:00,19.47,54.86,10.18,,,
1385,05-02-2022 19:20:00,19.51,55.02,10.25,,,
1386,05-02-2022 19:25:00,19.48,54.83,10.18,,,
1387,05-02-2022 19:30:00,19.52,54.85,10.21,,,
1388,05-02-2022 19:35:00,19.54,54.77,10.21,,,
1389,05-02-2022 19:40:00,19.54,54.65,10.18,,,
1390,05-02-2022 19:45:00,19.56,54.79,10.24,,,
1391,05-02-2022 19:50:00,19.62,54.53,10.23,,,
1392,05-02-2022 19:55:00,19.61,54.49,10.20,,,
1393,05-02-2022 20:00:00,19.66,54.35,10.21,,,
1394,05-02-2022 20:05:00,19.66,54.17,10.16,,,
1395,05-02-2022 20:10:00,19.66,53.99,10.11,,,
1396,05-02-2022 20:15:00,19.68,53.79,10.07,,,
1397,05-02-2022 20:20:00,19.69,53.60,10.03,,,
1398,05-02-2022 20:25:00,19.70,53.39,9.98,,,
1399,05-02-2022 20:30:00,19.70,53.26,9.94,,,
1400,05-02-2022 20:35:00,19.70,53.07,9.89,,,
1401,05-02-2022 20:40:00,19.73,52.87,9.86,,,
1402,05-02-2022 20:45:00,19.69,52.75,9.79,,,
1403,05-02-2022 20:50:00,19.73,52.39,9.73,,,
1404,05-02-2022 20:55:00,19.73,51.98,9.61,,,
1405,05-02-2022 21:00:00,19.71,51.64,9.49,,,
1406,05-02-2022 21:05:00,19.72,51.65,9.50,,,
1407,05-02-2022 21:10:00,19.69,51.38,9.40,,,
1408,05-02-2022 21:15:00,19.70,51.02,9.30,,,
1409,05-02-2022 21:20:00,19.68,50.74,9.20,,,
1410,05-02-2022 21:25:00,19.66,52.42,9.67,,,
1411,05-02-2022 21:30:00,19.68,52.03,9.57,,,
1412,05-02-2022 21:35:00,19.66,51.74,9.47,,,
1413,05-02-2022 21:40:00,19.66,51.49,9.40,,,
1414,05-02-2022 21:45:00,19.65,52.31,9.62,,,
1415,05-02-2022 21:50:00,19.66,54.02,10.12,,,
1416,05-02-2022 21:55:00,19.67,54.49,10.25,,,
1417,05-02-2022 22:00:00,19.68,54.80,10.35,,,
1418,05-02-2022 22:05:00,19.69,54.93,10.39,,,
1419,05-02-2022 22:10:00,19.67,54.78,10.33,,,
1420,05-02-2022 22:15:00,19.68,54.77,10.34,,,
1421,05-02-2022 22:20:00,19.71,54.85,10.39,,,
1422,05-02-2022 22:25:00,19.68,54.78,10.34,,,
1423,05-02-2022 22:30:00,19.71,54.82,10.38,,,
1424,05-02-2022 22:35:00,19.71,54.67,10.34,,,
1425,05-02-2022 22:40:00,19.72,54.49,10.30,,,
1426,05-02-2022 22:45:00,19.72,54.48,10.30,,,
1427,05-02-2022 22:50:00,19.74,54.27,10.26,,,
1428,05-02-2022 22:55:00,19.73,54.10,10.21,,,
1429,05-02-2022 23:00:00,19.79,54.11,10.26,,,
1430,05-02-2022 23:05:00,19.76,54.08,10.23,,,
1431,05-02-2022 23:10:00,19.76,54.01,10.21,,,
1432,05-02-2022 23:15:00,19.76,53.94,10.19,,,
1433,05-02-2022 23:20:00,19.76,53.90,10.18,,,
1434,05-02-2022 23:25:00,19.79,53.72,10.15,,,
1435,05-02-2022 23:30:00,19.75,53.54,10.07,,,
1436,05-02-2022 23:35:00,19.74,53.41,10.02,,,
1437,05-02-2022 23:40:00,19.76,53.36,10.03,,,
1438,05-02-2022 23:45:00,19.74,53.31,10.00,,,
1439,05-02-2022 23:50:00,19.72,53.25,9.96,,,
1440,05-02-2022 23:55:00,19.76,53.15,9.97,,,
1441,05-03-2022 00:00:00,19.75,53.05,9.93,,,
1442,05-03-2022 00:05:00,19.73,52.95,9.89,,,
1443,05-03-2022 00:10:00,19.75,52.75,9.85,,,
1444,05-03-2022 00:15:00,19.75,52.44,9.76,,,
1445,05-03-2022 00:20:00,19.75,52.81,9.87,,,
1446,05-03-2022 00:25:00,19.72,53.14,9.93,,,
1447,05-03-2022 00:30:00,19.74,53.41,10.03,,,
1448,05-03-2022 00:35:00,19.72,53.61,10.06,,,
1449,05-03-2022 00:40:00,19.69,53.85,10.10,,,
1450,05-03-2022 00:45:00,19.73,54.17,10.23,,,
1451,05-03-2022 00:50:00,19.71,54.32,10.25,,,
1452,05-03-2022 00:55:00,19.71,54.43,10.28,,,
1453,05-03-2022 01:00:00,19.68,54.49,10.27,,,
1454,05-03-2022 01:05:00,19.69,54.63,10.31,,,
1455,05-03-2022 01:10:00,19.68,54.95,10.39,,,
1456,05-03-2022 01:15:00,19.68,55.07,10.42,,,
1457,05-03-2022 01:20:00,19.66,54.95,10.37,,,
1458,05-03-2022 01:25:00,19.66,55.35,10.48,,,
1459,05-03-2022 01:30:00,19.63,55.57,10.52,,,
1460,05-03-2022 01:35:00,19.62,55.69,10.54,,,
1461,05-03-2022 01:40:00,19.65,55.77,10.58,,,
1462,05-03-2022 01:45:00,19.59,55.95,10.58,,,
1463,05-03-2022 01:50:00,19.61,56.06,10.63,,,
1464,05-03-2022 01:55:00,19.61,55.99,10.61,,,
1465,05-03-2022 02:00:00,19.57,56.23,10.64,,,
1466,05-03-2022 02:05:00,19.54,56.37,10.64,,,
1467,05-03-2022 02:10:00,19.59,56.42,10.71,,,
1468,05-03-2022 02:15:00,19.57,56.53,10.72,,,
1469,05-03-2022 02:20:00,19.56,56.28,10.64,,,
1470,05-03-2022 02:25:00,19.52,56.47,10.65,,,
1471,05-03-2022 02:30:00,19.54,56.69,10.73,,,
1472,05-03-2022 02:35:00,19.54,56.59,10.70,,,
1473,05-03-2022 02:40:00,19.50,56.87,10.74,,,
1474,05-03-2022 02:45:00,19.52,56.98,10.79,,,
1475,05-03-2022 02:50:00,19.47,56.88,10.72,,,
1476,05-03-2022 02:55:00,19.50,57.04,10.78,,,
1477,05-03-2022 03:00:00,19.50,57.25,10.84,,,
1478,05-03-2022 03:05:00,19.44,57.20,10.77,,,
1479,05-03-2022 03:10:00,19.45,57.44,10.85,,,
1480,05-03-2022 03:15:00,19.45,57.60,10.89,,,
1481,05-03-2022 03:20:00,19.44,57.42,10.83,,,
1482,05-03-2022 03:25:00,19.43,57.56,10.86,,,
1483,05-03-2022 03:30:00,19.42,57.51,10.83,,,
1484,05-03-2022 03:35:00,19.41,57.49,10.82,,,
1485,05-03-2022 03:40:00,19.42,57.46,10.82,,,
1486,05-03-2022 03:45:00,19.40,57.79,10.89,,,
1487,05-03-2022 03:50:00,19.37,57.80,10.86,,,
1488,05-03-2022 03:55:00,19.37,57.92,10.89,,,
1489,05-03-2022 04:00:00,19.38,57.89,10.89,,,
1490,05-03-2022 04:05:00,19.38,58.02,10.93,,,
1491,05-03-2022 04:10:00,19.36,57.99,10.90,,,
1492,05-03-2022 04:15:00,19.33,57.87,10.85,,,
1493,05-03-2022 04:20:00,19.31,57.77,10.80,,,
1494,05-03-2022 04:25:00,19.31,57.60,10.76,,,
1495,05-03-2022 04:30:00,19.29,57.33,10.67,,,
1496,05-03-2022 04:35:00,19.30,57.25,10.66,,,
1497,05-03-2022 04:40:00,19.26,57.05,10.56,,,
1498,05-03-2022 04:45:00,19.30,56.88,10.56,,,
1499,05-03-2022 04:50:00,19.27,56.83,10.52,,,
1500,05-03-2022 04:55:00,19.24,56.71,10.45,,,
1501,05-03-2022 05:00:00,19.27,56.67,10.47,,,
1502,05-03-2022 05:05:00,19.24,56.48,10.39,,,
1503,05-03-2022 05:10:00,19.22,56.54,10.39,,,
1504,05-03-2022 05:15:00,19.18,56.50,10.35,,,
1505,05-03-2022 05:20:00,19.23,56.48,10.38,,,
1506,05-03-2022 05:25:00,19.22,56.36,10.34,,,
1507,05-03-2022 05:30:00,19.16,56.49,10.32,,,
1508,05-03-2022 05:35:00,19.17,56.33,10.29,,,
1509,05-03-2022 05:40:00,19.13,56.35,10.26,,,
1510,05-03-2022 05:45:00,19.14,56.33,10.26,,,
1511,05-03-2022 05:50:00,19.13,56.27,10.24,,,
1512,05-03-2022 05:55:00,19.12,56.25,10.22,,,
1513,05-03-2022 06:00:00,19.15,56.19,10.23,,,
1514,05-03-2022 06:05:00,19.08,56.25,10.18,,,
1515,05-03-2022 06:10:00,19.13,56.12,10.20,,,
1516,05-03-2022 06:15:00,19.10,56.10,10.16,,,
1517,05-03-2022 06:20:00,19.08,56.15,10.15,,,
1518,05-03-2022 06:25:00,19.07,56.06,10.12,,,
1519,05-03-2022 06:30:00,19.05,56.05,10.10,,,
1520,05-03-2022 06:35:00,19.05,56.05,10.10,,,
1521,05-03-2022 06:40:00,19.05,56.08,10.11,,,
1522,05-03-2022 06:45:00,19.03,56.22,10.13,,,
1523,05-03-2022 06:50:00,19.05,56.26,10.15,,,
1524,05-03-2022 06:55:00,19.05,56.27,10.16,,,
1525,05-03-2022 07:00:00,19.00,56.27,10.11,,,
1526,05-03-2022 07:05:00,19.00,56.20,10.10,,,
1527,05-03-2022 07:10:00,19.00,56.19,10.10,,,
1528,05-03-2022 07:15:00,18.99,56.15,10.07,,,
1529,05-03-2022 07:20:00,18.97,56.17,10.06,,,
1530,05-03-2022 07:25:00,18.96,56.05,10.02,,,
1531,05-03-2022 07:30:00,18.98,56.02,10.03,,,
1532,05-03-2022 07:35:00,18.94,56.02,9.99,,,
1533,05-03-2022 07:40:00,18.95,56.22,10.05,,,
1534,05-03-2022 07:45:00,18.94,56.14,10.02,,,
1535,05-03-2022 07:50:00,18.94,56.18,10.03,,,
1536,05-03-2022 07:55:00,18.92,56.11,9.99,,,
1537,05-03-2022 08:00:00,18.94,56.16,10.03,,,
1538,05-03-2022 08:05:00,18.93,56.13,10.01,,,
1539,05-03-2022 08:10:00,18.93,56.31,10.06,,,
1540,05-03-2022 08:15:00,18.87,56.32,10.01,,,
1541,05-03-2022 08:20:00,18.91,56.28,10.03,,,
1542,05-03-2022 08:25:00,18.91,56.21,10.01,,,
1543,05-03-2022 08:30:00,18.91,56.36,10.05,,,
1544,05-03-2022 08:35:00,18.88,56.43,10.05,,,
1545,05-03-2022 08:40:00,18.89,56.41,10.05,,,
1546,05-03-2022 08:45:00,18.89,56.43,10.06,,,
1547,05-03-2022 08:50:00,18.87,56.42,10.04,,,
1548,05-03-2022 08:55:00,18.85,56.49,10.03,,,
1549,05-03-2022 09:00:00,18.87,56.60,10.08,,,
1550,05-03-2022 09:05:00,18.88,55.52,9.81,,,
1551,05-03-2022 09:10:00,18.86,53.52,9.24,,,
1552,05-03-2022 09:15:00,18.84,62.12,11.45,,,
1553,05-03-2022 09:20:00,18.83,56.72,10.07,,,
1554,05-03-2022 09:25:00,18.80,54.16,9.36,,,
1555,05-03-2022 09:30:00,18.78,53.56,9.17,,,
1556,05-03-2022 09:35:00,18.81,54.13,9.36,,,
1557,05-03-2022 09:40:00,18.80,54.51,9.45,,,
1558,05-03-2022 09:45:00,18.81,54.71,9.52,,,
1559,05-03-2022 09:50:00,18.82,54.79,9.55,,,
1560,05-03-2022 09:55:00,18.85,54.96,9.62,,,
1561,05-03-2022 10:00:00,18.86,54.87,9.61,,,
1562,05-03-2022 10:05:00,18.87,54.74,9.58,,,
1563,05-03-2022 10:10:00,18.91,54.84,9.64,,,
1564,05-03-2022 10:15:00,18.91,54.72,9.61,,,
1565,05-03-2022 10:20:00,18.91,54.67,9.59,,,
1566,05-03-2022 10:25:00,18.92,54.59,9.58,,,
1567,05-03-2022 10:30:00,18.94,54.58,9.60,,,
1568,05-03-2022 10:35:00,18.94,54.37,9.54,,,
1569,05-03-2022 10:40:00,18.98,54.32,9.57,,,
1570,05-03-2022 10:45:00,18.98,54.30,9.56,,,
1571,05-03-2022 10:50:00,18.98,54.09,9.51,,,
1572,05-03-2022 10:55:00,18.98,54.14,9.52,,,
1573,05-03-2022 11:00:00,19.03,54.06,9.55,,,
1574,05-03-2022 11:05:00,19.01,54.02,9.52,,,
1575,05-03-2022 11:10:00,19.03,53.93,9.51,,,
1576,05-03-2022 11:15:00,19.10,53.94,9.57,,,
1577,05-03-2022 11:20:00,19.07,53.85,9.52,,,
1578,05-03-2022 11:25:00,19.09,53.78,9.52,,,
1579,05-03-2022 11:30:00,19.10,53.73,9.52,,,
1580,05-03-2022 11:35:00,19.13,53.60,9.51,,,
1581,05-03-2022 11:40:00,19.15,53.44,9.49,,,
1582,05-03-2022 11:45:00,19.14,53.51,9.50,,,
1583,05-03-2022 11:50:00,19.16,53.43,9.49,,,
1584,05-03-2022 11:55:00,19.18,53.23,9.46,,,
1585,05-03-2022 12:00:00,19.22,53.23,9.49,,,
1586,05-03-2022 12:05:00,19.22,53.20,9.48,,,
1587,05-03-2022 12:10:00,19.24,54.69,9.91,,,
1588,05-03-2022 12:15:00,19.25,53.69,9.65,,,
1589,05-03-2022 12:20:00,19.24,53.61,9.61,,,
1590,05-03-2022 12:25:00,19.31,54.05,9.80,,,
1591,05-03-2022 12:30:00,19.32,53.50,9.66,,,
1592,05-03-2022 12:35:00,19.36,52.80,9.50,,,
1593,05-03-2022 12:40:00,19.35,51.10,9.00,,,
1594,05-03-2022 12:45:00,19.32,51.71,9.15,,,
1595,05-03-2022 12:50:00,19.35,52.10,9.29,,,
1596,05-03-2022 12:55:00,19.32,51.18,9.00,,,
1597,05-03-2022 13:00:00,19.33,51.25,9.03,,,
1598,05-03-2022 13:05:00,19.37,51.65,9.18,,,
1599,05-03-2022 13:10:00,19.38,51.78,9.23,,,
1600,05-03-2022 13:15:00,19.39,51.55,9.17,,,
1601,05-03-2022 13:20:00,19.39,51.54,9.17,,,
1602,05-03-2022 13:25:00,19.38,51.33,9.10,,,
1603,05-03-2022 13:30:00,19.37,51.16,9.04,,,
1604,05-03-2022 13:35:00,19.38,51.49,9.14,,,
1605,05-03-2022 13:40:00,19.39,51.47,9.15,,,
1606,05-03-2022 13:45:00,19.38,51.02,9.01,,,
1607,05-03-2022 13:50:00,19.38,50.91,8.97,,,
1608,05-03-2022 13:55:00,19.38,50.85,8.96,,,
1609,05-03-2022 14:00:00,19.43,51.19,9.11,,,
1610,05-03-2022 14:05:00,19.42,51.01,9.04,,,
1611,05-03-2022 14:10:00,19.42,50.89,9.01,,,
1612,05-03-2022 14:15:00,19.44,51.05,9.07,,,
1613,05-03-2022 14:20:00,19.42,51.07,9.06,,,
1614,05-03-2022 14:25:00,19.45,50.97,9.06,,,
1615,05-03-2022 14:30:00,19.45,51.09,9.09,,,
1616,05-03-2022 14:35:00,19.46,50.29,8.87,,,
1617,05-03-2022 14:40:00,19.48,50.72,9.02,,,
1618,05-03-2022 14:45:00,19.50,50.84,9.06,,,
1619,05-03-2022 14:50:00,19.48,50.68,9.01,,,
1620,05-03-2022 14:55:00,19.47,50.15,8.84,,,
1621,05-03-2022 15:00:00,19.48,50.12,8.84,,,
1622,05-03-2022 15:05:00,19.47,50.37,8.90,,,
1623,05-03-2022 15:10:00,19.51,50.36,8.93,,,
1624,05-03-2022 15:15:00,19.51,50.49,8.97,,,
1625,05-03-2022 15:20:00,19.52,50.64,9.02,,,
1626,05-03-2022 15:25:00,19.52,49.40,8.66,,,
1627,05-03-2022 15:30:00,19.53,48.97,8.54,,,
1628,05-03-2022 15:35:00,19.52,48.69,8.44,,,
1629,05-03-2022 15:40:00,19.50,49.11,8.55,,,
1630,05-03-2022 15:45:00,19.50,48.65,8.41,,,
1631,05-03-2022 15:50:00,19.54,48.83,8.51,,,
1632,05-03-2022 15:55:00,19.53,49.68,8.75,,,
1633,05-03-2022 16:00:00,19.55,50.20,8.92,,,
1634,05-03-2022 16:05:00,19.57,50.35,8.99,,,
1635,05-03-2022 16:10:00,19.57,50.61,9.06,,,
1636,05-03-2022 16:15:00,19.57,50.85,9.13,,,
1637,05-03-2022 16:20:00,19.59,51.09,9.22,,,
1638,05-03-2022 16:25:00,19.61,51.05,9.23,,,
1639,05-03-2022 16:30:00,19.60,50.91,9.18,,,
1640,05-03-2022 16:35:00,19.65,51.02,9.25,,,
1641,05-03-2022 16:40:00,19.65,51.18,9.30,,,
1642,05-03-2022 16:45:00,19.67,51.53,9.42,,,
1643,05-03-2022 16:50:00,19.71,51.59,9.48,,,
1644,05-03-2022 16:55:00,19.72,51.73,9.53,,,
1645,05-03-2022 17:00:00,19.73,51.89,9.58,,,
1646,05-03-2022 17:05:00,19.73,51.93,9.60,,,
1647,05-03-2022 17:10:00,19.76,51.94,9.63,,,
1648,05-03-2022 17:15:00,19.80,52.04,9.69,,,
1649,05-03-2022 17:20:00,19.83,52.05,9.72,,,
1650,05-03-2022 17:25:00,19.85,52.08,9.75,,,
1651,05-03-2022 17:30:00,19.88,52.83,9.99,,,
1652,05-03-2022 17:35:00,19.95,52.81,10.04,,,
1653,05-03-2022 17:40:00,19.96,53.17,10.16,,,
1654,05-03-2022 17:45:00,20.00,53.31,10.23,,,
1655,05-03-2022 17:50:00,20.01,53.07,10.18,,,
1656,05-03-2022 17:55:00,20.06,52.78,10.14,,,
1657,05-03-2022 18:00:00,20.12,52.53,10.12,,,
1658,05-03-2022 18:05:00,20.14,52.43,10.12,,,
1659,05-03-2022 18:10:00,20.16,52.23,10.08,,,
1660,05-03-2022 18:15:00,20.18,51.94,10.01,,,
1661,05-03-2022 18:20:00,20.20,51.76,9.98,,,
1662,05-03-2022 18:25:00,20.25,51.51,9.95,,,
1663,05-03-2022 18:30:00,20.24,51.46,9.93,,,
1664,05-03-2022 18:35:00,20.28,51.25,9.90,,,
1665,05-03-2022 18:40:00,20.30,51.00,9.85,,,
1666,05-03-2022 18:45:00,20.30,50.91,9.82,,,
1667,05-03-2022 18:50:00,20.32,50.70,9.78,,,
1668,05-03-2022 18:55:00,20.36,50.49,9.76,,,
1669,05-03-2022 19:00:00,20.34,50.76,9.82,,,
1670,05-03-2022 19:05:00,20.36,50.89,9.88,,,
1671,05-03-2022 19:10:00,20.37,51.08,9.94,,,
1672,05-03-2022 19:15:00,20.36,51.10,9.94,,,
1673,05-03-2022 19:20:00,20.39,51.17,9.98,,,
1674,05-03-2022 19:25:00,20.37,51.27,10.00,,,
1675,05-03-2022 19:30:00,20.37,51.29,10.00,,,
1676,05-03-2022 19:35:00,20.39,51.37,10.04,,,
1677,05-03-2022 19:40:00,20.40,51.35,10.04,,,
1678,05-03-2022 19:45:00,20.42,51.42,10.08,,,
1679,05-03-2022 19:50:00,20.44,51.45,10.11,,,
1680,05-03-2022 19:55:00,20.42,51.42,10.08,,,
1681,05-03-2022 20:00:00,20.45,50.84,9.94,,,
1682,05-03-2022 20:05:00,20.47,50.78,9.94,,,
1683,05-03-2022 20:10:00,20.46,50.90,9.97,,,
1684,05-03-2022 20:15:00,20.45,50.89,9.96,,,
1685,05-03-2022 20:20:00,20.47,51.25,10.08,,,
1686,05-03-2022 20:25:00,20.47,51.55,10.17,,,
1687,05-03-2022 20:30:00,20.49,51.90,10.29,,,
1688,05-03-2022 20:35:00,20.53,52.33,10.44,,,
1689,05-03-2022 20:40:00,20.61,54.04,11.01,,,
1690,05-03-2022 20:42:55,,,,Logged,,
1691,05-03-2022 20:42:57,,,,,Logged,Logged